Epoch,Iteration,Loss,Learning Rate
1,1,2.904409170150757,0.00015
1,2,2.9279403686523438,0.0003
1,3,2.8701601028442383,0.00045
1,4,2.8833937644958496,0.0006
1,5,2.8763837814331055,0.000599999989211102
1,6,2.864124298095703,0.0005999999568444088
1,7,2.842923641204834,0.0005999999028999227
1,8,2.8584036827087402,0.0005999998273776477
1,9,2.8612942695617676,0.0005999997302775891
1,10,2.861933469772339,0.0005999996115997538
1,11,2.8239033222198486,0.0005999994713441507
1,12,2.8716769218444824,0.0005999993095107894
1,13,2.8518059253692627,0.0005999991260996821
1,14,2.8724985122680664,0.0005999989211108415
1,15,2.8582777976989746,0.0005999986945442825
1,16,2.8241915702819824,0.0005999984464000215
1,17,2.8125312328338623,0.0005999981766780762
1,18,2.82322096824646,0.0005999978853784661
1,19,2.807321548461914,0.0005999975725012121
1,20,2.773188591003418,0.0005999972380463367
1,21,2.745938777923584,0.0005999968820138641
1,22,2.7000598907470703,0.0005999965044038197
1,23,2.6321115493774414,0.0005999961052162308
1,24,2.546921968460083,0.000599995684451126
1,25,2.4882867336273193,0.0005999952421085357
1,26,2.4344358444213867,0.0005999947781884916
1,27,2.3844876289367676,0.0005999942926910271
1,28,2.3428964614868164,0.0005999937856161771
1,29,2.2983663082122803,0.0005999932569639781
1,30,2.2583627700805664,0.0005999927067344683
1,31,2.229584217071533,0.0005999921349276869
1,32,2.1727073192596436,0.0005999915415436753
1,33,2.085620403289795,0.0005999909265824761
1,34,2.085824966430664,0.0005999902900441336
1,35,2.0921223163604736,0.0005999896319286934
1,36,2.0650393962860107,0.0005999889522362031
1,37,1.9484926462173462,0.0005999882509667114
1,38,2.0160884857177734,0.0005999875281202687
1,39,2.0131821632385254,0.0005999867836969272
1,40,2.001325845718384,0.0005999860176967402
1,41,1.9688133001327515,0.000599985230119763
1,42,1.9903217554092407,0.0005999844209660521
1,43,1.9096530675888062,0.0005999835902356659
1,44,1.9656654596328735,0.0005999827379286639
1,45,1.9194244146347046,0.0005999818640451076
1,46,1.9517138004302979,0.0005999809685850597
1,47,1.9171339273452759,0.0005999800515485847
1,48,1.9249664545059204,0.0005999791129357485
1,49,1.915888786315918,0.0005999781527466187
1,50,1.970513939857483,0.0005999771709812643
1,51,1.8820009231567383,0.0005999761676397558
1,52,1.9280588626861572,0.0005999751427221658
1,53,1.8014755249023438,0.0005999740962285674
1,54,1.935272455215454,0.0005999730281590364
1,55,1.8502695560455322,0.0005999719385136492
1,56,1.7912371158599854,0.0005999708272924845
1,57,1.8802902698516846,0.000599969694495622
1,58,1.896895170211792,0.0005999685401231435
1,59,1.8463668823242188,0.0005999673641751316
1,60,1.830106496810913,0.0005999661666516713
1,61,1.9348211288452148,0.0005999649475528483
1,62,1.8435420989990234,0.0005999637068787505
1,63,1.8851852416992188,0.0005999624446294674
1,64,1.85550057888031,0.0005999611608050894
1,65,1.848982572555542,0.0005999598554057089
1,66,1.8973381519317627,0.0005999585284314199
1,67,1.7955214977264404,0.0005999571798823177
1,68,1.8768234252929688,0.0005999558097584996
1,69,1.884462594985962,0.000599954418060064
1,70,1.7962877750396729,0.0005999530047871108
1,71,1.7909221649169922,0.0005999515699397418
1,72,1.7877094745635986,0.0005999501135180602
1,73,1.8070815801620483,0.0005999486355221708
1,74,1.8582241535186768,0.0005999471359521799
1,75,1.7912616729736328,0.0005999456148081953
1,76,1.8530124425888062,0.0005999440720903264
1,77,1.7653884887695312,0.0005999425077986843
1,78,1.8294912576675415,0.0005999409219333813
1,79,1.7838077545166016,0.0005999393144945316
1,80,1.8164215087890625,0.0005999376854822508
1,81,1.8543630838394165,0.000599936034896656
1,82,1.805336356163025,0.0005999343627378661
1,83,1.8307167291641235,0.0005999326690060012
1,84,1.8199670314788818,0.0005999309537011832
1,85,1.8168561458587646,0.0005999292168235354
1,86,1.6933101415634155,0.0005999274583731827
1,87,1.7342174053192139,0.0005999256783502518
1,88,1.7802801132202148,0.0005999238767548706
1,89,1.8276071548461914,0.0005999220535871686
1,90,1.8158845901489258,0.0005999202088472769
1,91,1.8721414804458618,0.0005999183425353284
1,92,1.7616989612579346,0.0005999164546514573
1,93,1.8744542598724365,0.0005999145451957991
1,94,1.8765218257904053,0.0005999126141684914
1,95,1.8179223537445068,0.0005999106615696731
1,96,1.8095080852508545,0.0005999086873994846
1,97,1.8335418701171875,0.0005999066916580679
1,98,1.7623672485351562,0.0005999046743455664
1,99,1.8235294818878174,0.0005999026354621254
1,100,1.801762580871582,0.0005999005750078915
1,101,1.699903130531311,0.0005998984929830128
1,102,1.8267768621444702,0.0005998963893876391
1,103,1.7861759662628174,0.0005998942642219217
1,104,1.7984434366226196,0.0005998921174860136
1,105,1.8014888763427734,0.000599889949180069
1,106,1.8230931758880615,0.0005998877593042441
1,107,1.7778924703598022,0.000599885547858696
1,108,1.865246057510376,0.0005998833148435841
1,109,1.7693538665771484,0.0005998810602590689
1,110,1.7609151601791382,0.0005998787841053127
1,111,1.7592880725860596,0.0005998764863824789
1,112,1.8139047622680664,0.0005998741670907332
1,113,1.7487194538116455,0.000599871826230242
1,114,1.7989171743392944,0.000599869463801174
1,115,1.7559535503387451,0.0005998670798036988
1,116,1.7714111804962158,0.0005998646742379881
1,117,1.8165009021759033,0.000599862247104215
1,118,1.7540292739868164,0.0005998597984025537
1,119,1.8602063655853271,0.0005998573281331809
1,120,1.802804946899414,0.0005998548362962736
1,121,1.7690792083740234,0.0005998523228920115
1,122,1.725374460220337,0.0005998497879205753
1,123,1.8148624897003174,0.0005998472313821472
1,124,1.7364940643310547,0.0005998446532769112
1,125,1.7938311100006104,0.0005998420536050528
1,126,1.798431634902954,0.0005998394323667587
1,127,1.789955735206604,0.0005998367895622177
1,128,1.7735964059829712,0.0005998341251916197
1,129,1.8465722799301147,0.0005998314392551566
1,130,1.7233669757843018,0.0005998287317530213
1,131,1.8215535879135132,0.0005998260026854087
1,132,1.8540146350860596,0.000599823252052515
1,133,1.6612495183944702,0.0005998204798545382
1,134,1.8310989141464233,0.0005998176860916776
1,135,1.761949896812439,0.000599814870764134
1,136,1.8120768070220947,0.0005998120338721101
1,137,1.7788829803466797,0.0005998091754158099
1,138,1.714563012123108,0.0005998062953954389
1,139,1.866755485534668,0.0005998033938112043
1,140,1.8603616952896118,0.0005998004706633149
1,141,1.7323226928710938,0.0005997975259519809
1,142,1.8202394247055054,0.0005997945596774141
1,143,1.766254186630249,0.0005997915718398278
1,144,1.7466275691986084,0.0005997885624394368
1,145,1.7578184604644775,0.0005997855314764578
1,146,1.7389822006225586,0.0005997824789511086
1,147,1.812166452407837,0.0005997794048636088
1,148,1.7659305334091187,0.0005997763092141798
1,149,1.744829535484314,0.0005997731920030438
1,150,1.8152672052383423,0.0005997700532304253
1,151,1.7727959156036377,0.0005997668928965499
1,152,1.7041603326797485,0.000599763711001645
1,153,1.7416080236434937,0.0005997605075459395
1,154,1.7386659383773804,0.0005997572825296638
1,155,1.761300802230835,0.0005997540359530497
1,156,1.7525815963745117,0.0005997507678163308
1,157,1.7786407470703125,0.0005997474781197423
1,158,1.6921123266220093,0.0005997441668635208
1,159,1.816271185874939,0.0005997408340479042
1,160,1.7871663570404053,0.0005997374796731324
1,161,1.707512617111206,0.0005997341037394468
1,162,1.8062175512313843,0.0005997307062470899
1,163,1.7133281230926514,0.0005997272871963063
1,164,1.8089736700057983,0.0005997238465873419
1,165,1.736416220664978,0.0005997203844204442
1,166,1.7289148569107056,0.0005997169006958621
1,167,1.8789825439453125,0.0005997133954138463
1,168,1.7188522815704346,0.0005997098685746486
1,169,1.805156946182251,0.0005997063201785232
1,170,1.7686538696289062,0.0005997027502257249
1,171,1.776684045791626,0.0005996991587165106
1,172,1.816283941268921,0.0005996955456511387
1,173,1.7971951961517334,0.0005996919110298689
1,174,1.7414827346801758,0.0005996882548529628
1,175,1.7725708484649658,0.0005996845771206832
1,176,1.721504807472229,0.0005996808778332949
1,177,1.8391544818878174,0.0005996771569910637
1,178,1.7514820098876953,0.0005996734145942574
1,179,1.8513456583023071,0.000599669650643145
1,180,1.8123162984848022,0.0005996658651379974
1,181,1.793421745300293,0.0005996620580790867
1,182,1.7613193988800049,0.000599658229466687
1,183,1.7878526449203491,0.0005996543793010734
1,184,1.7851213216781616,0.000599650507582523
1,185,1.8480455875396729,0.0005996466143113141
1,186,1.7223808765411377,0.0005996426994877269
1,187,1.7277486324310303,0.000599638763112043
1,188,1.8405253887176514,0.0005996348051845454
1,189,1.766160249710083,0.0005996308257055188
1,190,1.7384703159332275,0.0005996268246752494
1,191,1.7703030109405518,0.0005996228020940251
1,192,1.6880381107330322,0.0005996187579621351
1,193,1.7597119808197021,0.0005996146922798704
1,194,1.7536466121673584,0.0005996106050475234
1,195,1.7916761636734009,0.000599606496265388
1,196,1.799991250038147,0.0005996023659337597
1,197,1.8066765069961548,0.0005995982140529357
1,198,1.8111331462860107,0.0005995940406232146
1,199,1.8170595169067383,0.0005995898456448965
1,200,1.8002084493637085,0.0005995856291182832
1,201,1.8088414669036865,0.000599581391043678
1,202,1.6933515071868896,0.0005995771314213857
1,203,1.7343477010726929,0.0005995728502517126
1,204,1.7245680093765259,0.0005995685475349668
1,205,1.7184865474700928,0.0005995642232714574
1,206,1.7605950832366943,0.000599559877461496
1,207,1.7690560817718506,0.0005995555101053949
1,208,1.6244415044784546,0.000599551121203468
1,209,1.8009544610977173,0.0005995467107560312
1,210,1.7446794509887695,0.0005995422787634017
1,211,1.74710214138031,0.0005995378252258984
1,212,1.7660510540008545,0.0005995333501438414
1,213,1.7740259170532227,0.0005995288535175526
1,214,1.7641185522079468,0.0005995243353473557
1,215,1.7502772808074951,0.0005995197956335754
1,216,1.7400929927825928,0.0005995152343765383
1,217,1.7128183841705322,0.0005995106515765725
1,218,1.718701720237732,0.0005995060472340075
1,219,1.7848453521728516,0.0005995014213491746
1,220,1.783736228942871,0.0005994967739224064
1,221,1.771376609802246,0.0005994921049540374
1,222,1.7256803512573242,0.0005994874144444033
1,223,1.737206220626831,0.0005994827023938414
1,224,1.731131911277771,0.0005994779688026906
1,225,1.7267963886260986,0.0005994732136712915
1,226,1.682335615158081,0.000599468436999986
1,227,1.6919037103652954,0.0005994636387891178
1,228,1.7329227924346924,0.0005994588190390319
1,229,1.7730470895767212,0.000599453977750075
1,230,1.687940001487732,0.0005994491149225953
1,231,1.7603305578231812,0.0005994442305569425
1,232,1.7699352502822876,0.0005994393246534682
1,233,1.7773860692977905,0.000599434397212525
1,234,1.7355880737304688,0.0005994294482344672
1,235,1.8453611135482788,0.000599424477719651
1,236,1.7005090713500977,0.0005994194856684339
1,237,1.7736237049102783,0.0005994144720811748
1,238,1.8980356454849243,0.0005994094369582344
1,239,1.6985204219818115,0.000599404380299975
1,240,1.7837622165679932,0.00059939930210676
1,241,1.7466987371444702,0.0005993942023789549
1,242,1.7629010677337646,0.0005993890811169264
1,243,1.6863237619400024,0.0005993839383210429
1,244,1.8897680044174194,0.0005993787739916743
1,245,1.840294599533081,0.0005993735881291919
1,246,1.7387259006500244,0.0005993683807339688
1,247,1.7283210754394531,0.0005993631518063798
1,248,1.7684953212738037,0.0005993579013468005
1,249,1.7616008520126343,0.0005993526293556089
1,250,1.741061806678772,0.0005993473358331841
1,251,1.7434203624725342,0.0005993420207799069
1,252,1.655316948890686,0.0005993366841961595
1,253,1.8933403491973877,0.0005993313260823257
1,254,1.7724990844726562,0.000599325946438791
1,255,1.7572300434112549,0.0005993205452659423
1,256,1.7146421670913696,0.000599315122564168
1,257,1.7642345428466797,0.0005993096783338584
1,258,1.7239481210708618,0.0005993042125754047
1,259,1.7573906183242798,0.0005992987252892003
1,260,1.766541838645935,0.0005992932164756398
1,261,1.7225173711776733,0.0005992876861351194
1,262,1.7055988311767578,0.000599282134268037
1,263,1.765464186668396,0.0005992765608747919
1,264,1.7385393381118774,0.0005992709659557847
1,265,1.8512942790985107,0.000599265349511418
1,266,1.7598645687103271,0.000599259711542096
1,267,1.7497771978378296,0.0005992540520482238
1,268,1.8016446828842163,0.0005992483710302088
1,269,1.775237798690796,0.0005992426684884593
1,270,1.6638988256454468,0.0005992369444233858
1,271,1.6751877069473267,0.0005992311988353998
1,272,1.8218791484832764,0.0005992254317249147
1,273,1.687394142150879,0.0005992196430923451
1,274,1.688208818435669,0.0005992138329381075
1,275,1.7093721628189087,0.0005992080012626197
1,276,1.8049675226211548,0.0005992021480663014
1,277,1.7767574787139893,0.0005991962733495732
1,278,1.7360321283340454,0.000599190377112858
1,279,1.8038995265960693,0.0005991844593565798
1,280,1.7473093271255493,0.000599178520081164
1,281,1.7336137294769287,0.0005991725592870382
1,282,1.801673173904419,0.0005991665769746307
1,283,1.8066730499267578,0.0005991605731443722
1,284,1.7656581401824951,0.0005991545477966941
1,285,1.779659628868103,0.0005991485009320302
1,286,1.685545563697815,0.0005991424325508151
1,287,1.819023847579956,0.0005991363426534856
1,288,1.7211700677871704,0.0005991302312404794
1,289,1.8094905614852905,0.0005991240983122362
1,290,1.7895233631134033,0.0005991179438691971
1,291,1.764560341835022,0.0005991117679118048
1,292,1.8549619913101196,0.0005991055704405036
1,293,1.733502984046936,0.000599099351455739
1,294,1.700143814086914,0.0005990931109579585
1,295,1.7808668613433838,0.0005990868489476111
1,296,1.6950552463531494,0.0005990805654251468
1,297,1.7251949310302734,0.0005990742603910178
1,298,1.749678373336792,0.0005990679338456777
1,299,1.6902997493743896,0.0005990615857895812
1,300,1.722982406616211,0.0005990552162231852
1,301,1.6826324462890625,0.0005990488251469478
1,302,1.7398931980133057,0.0005990424125613285
1,303,1.7129795551300049,0.0005990359784667886
1,304,1.8083359003067017,0.0005990295228637912
1,305,1.7762199640274048,0.0005990230457528001
1,306,1.7342220544815063,0.0005990165471342815
1,307,1.732142686843872,0.0005990100270087028
1,308,1.7386010885238647,0.0005990034853765328
1,309,1.7070894241333008,0.0005989969222382421
1,310,1.7541463375091553,0.0005989903375943029
1,311,1.7466812133789062,0.0005989837314451886
1,312,1.7370548248291016,0.0005989771037913745
1,313,1.7215837240219116,0.0005989704546333373
1,314,1.6399109363555908,0.0005989637839715551
1,315,1.7210416793823242,0.0005989570918065078
1,316,1.7146278619766235,0.0005989503781386767
1,317,1.764385461807251,0.0005989436429685447
1,318,1.7164071798324585,0.0005989368862965963
1,319,1.7521051168441772,0.0005989301081233175
1,320,1.727301001548767,0.0005989233084491957
1,321,1.6685295104980469,0.0005989164872747199
1,322,1.7050144672393799,0.0005989096446003811
1,323,1.6809266805648804,0.000598902780426671
1,324,1.7762086391448975,0.0005988958947540835
1,325,1.7579402923583984,0.000598888987583114
1,326,1.6583763360977173,0.0005988820589142593
1,327,1.7025800943374634,0.0005988751087480174
1,328,1.7100311517715454,0.0005988681370848886
1,329,1.7769529819488525,0.0005988611439253741
1,330,1.7014003992080688,0.0005988541292699771
1,331,1.7684417963027954,0.0005988470931192019
1,332,1.7653249502182007,0.0005988400354735547
1,333,1.7839548587799072,0.0005988329563335432
1,334,1.6854515075683594,0.0005988258556996764
1,335,1.7931840419769287,0.0005988187335724651
1,336,1.7510980367660522,0.0005988115899524216
1,337,1.687613844871521,0.0005988044248400598
1,338,1.7439091205596924,0.0005987972382358949
1,339,1.7040141820907593,0.0005987900301404437
1,340,1.7093942165374756,0.0005987828005542249
1,341,1.770046591758728,0.0005987755494777584
1,342,1.7566003799438477,0.0005987682769115658
1,343,1.6572338342666626,0.00059876098285617
1,344,1.7083375453948975,0.0005987536673120959
1,345,1.752423644065857,0.0005987463302798695
1,346,1.7744086980819702,0.0005987389717600185
1,347,1.8012205362319946,0.0005987315917530721
1,348,1.7161149978637695,0.0005987241902595615
1,349,1.6998974084854126,0.0005987167672800186
1,350,1.7313127517700195,0.0005987093228149777
1,351,1.7275869846343994,0.0005987018568649739
1,352,1.703586220741272,0.0005986943694305444
1,353,1.7622089385986328,0.0005986868605122277
1,354,1.8024389743804932,0.000598679330110564
1,355,1.770241379737854,0.0005986717782260945
1,356,1.7633692026138306,0.0005986642048593629
1,357,1.8148454427719116,0.0005986566100109137
1,358,1.6489088535308838,0.0005986489936812931
1,359,1.716930627822876,0.0005986413558710491
1,360,1.7810328006744385,0.0005986336965807309
1,361,1.676457405090332,0.0005986260158108895
1,362,1.7913398742675781,0.0005986183135620772
1,363,1.7843983173370361,0.000598610589834848
1,364,1.6946842670440674,0.0005986028446297577
1,365,1.6342006921768188,0.0005985950779473631
1,366,1.7850253582000732,0.0005985872897882231
1,367,1.7092092037200928,0.0005985794801528975
1,368,1.647364616394043,0.0005985716490419483
1,369,1.726026177406311,0.0005985637964559387
1,370,1.670646071434021,0.0005985559223954335
1,371,1.7464895248413086,0.000598548026860999
1,372,1.7991997003555298,0.0005985401098532031
1,373,1.7903153896331787,0.0005985321713726152
1,374,1.7712678909301758,0.0005985242114198065
1,375,1.7605327367782593,0.0005985162299953494
1,376,1.7426998615264893,0.0005985082270998178
1,377,1.777419090270996,0.0005985002027337875
1,378,1.7974170446395874,0.0005984921568978356
1,379,1.6932241916656494,0.0005984840895925409
1,380,1.6811809539794922,0.0005984760008184835
1,381,1.7616987228393555,0.0005984678905762454
1,382,1.8094518184661865,0.0005984597588664097
1,383,1.7433738708496094,0.0005984516056895615
1,384,1.705849289894104,0.0005984434310462869
1,385,1.735211730003357,0.0005984352349371743
1,386,1.6847240924835205,0.0005984270173628129
1,387,1.769741415977478,0.000598418778323794
1,388,1.7652318477630615,0.0005984105178207099
1,389,1.7084423303604126,0.0005984022358541548
1,390,1.6794830560684204,0.0005983939324247247
1,391,1.7387975454330444,0.0005983856075330164
1,392,1.706148386001587,0.0005983772611796291
1,393,1.6678974628448486,0.0005983688933651628
1,394,1.7392727136611938,0.0005983605040902196
1,395,1.675018548965454,0.0005983520933554026
1,396,1.7505223751068115,0.0005983436611613172
1,397,1.748364806175232,0.0005983352075085694
1,398,1.6920487880706787,0.0005983267323977676
1,399,1.6834055185317993,0.0005983182358295212
1,400,1.7321475744247437,0.0005983097178044413
1,401,1.7053191661834717,0.0005983011783231408
1,402,1.7493568658828735,0.0005982926173862337
1,403,1.7374343872070312,0.0005982840349943357
1,404,1.7878549098968506,0.0005982754311480643
1,405,1.7789535522460938,0.0005982668058480382
1,406,1.7401412725448608,0.0005982581590948778
1,407,1.6819143295288086,0.0005982494908892051
1,408,1.7602239847183228,0.0005982408012316435
1,409,1.7247384786605835,0.0005982320901228181
1,410,1.6890075206756592,0.0005982233575633554
1,411,1.7496650218963623,0.0005982146035538834
1,412,1.6847217082977295,0.0005982058280950318
1,413,1.6946996450424194,0.0005981970311874318
1,414,1.7611331939697266,0.0005981882128317163
1,415,1.785959005355835,0.0005981793730285193
1,416,1.6567142009735107,0.0005981705117784767
1,417,1.692482590675354,0.0005981616290822259
1,418,1.7087501287460327,0.0005981527249404058
1,419,1.707819938659668,0.0005981437993536567
1,420,1.7632020711898804,0.0005981348523226207
1,421,1.7266051769256592,0.0005981258838479415
1,422,1.7612053155899048,0.0005981168939302638
1,423,1.70661199092865,0.0005981078825702344
1,424,1.7409403324127197,0.0005980988497685015
1,425,1.7575063705444336,0.0005980897955257147
1,426,1.780921220779419,0.0005980807198425252
1,427,1.7879987955093384,0.000598071622719586
1,428,1.7636934518814087,0.0005980625041575511
1,429,1.7827303409576416,0.0005980533641570766
1,430,1.7414144277572632,0.00059804420271882
1,431,1.6576684713363647,0.0005980350198434398
1,432,1.741706132888794,0.0005980258155315969
1,433,1.652713418006897,0.0005980165897839532
1,434,1.7220165729522705,0.0005980073426011722
1,435,1.7763334512710571,0.0005979980739839191
1,436,1.7526057958602905,0.0005979887839328606
1,437,1.7352488040924072,0.0005979794724486647
1,438,1.7016103267669678,0.0005979701395320014
1,439,1.6831382513046265,0.0005979607851835417
1,440,1.6653311252593994,0.0005979514094039585
1,441,1.7512445449829102,0.0005979420121939265
1,442,1.757851004600525,0.0005979325935541211
1,443,1.6884691715240479,0.0005979231534852202
1,444,1.7517645359039307,0.0005979136919879024
1,445,1.6674636602401733,0.0005979042090628483
1,446,1.7067159414291382,0.0005978947047107402
1,447,1.6971324682235718,0.0005978851789322616
1,448,1.7120001316070557,0.0005978756317280976
1,449,1.613610863685608,0.0005978660630989348
1,450,1.6793781518936157,0.0005978564730454617
1,451,1.8013432025909424,0.0005978468615683677
1,452,1.7324950695037842,0.0005978372286683445
1,453,1.7398779392242432,0.0005978275743460847
1,454,1.7165590524673462,0.0005978178986022829
1,455,1.8288968801498413,0.0005978082014376348
1,456,1.813683271408081,0.000597798482852838
1,457,1.7309125661849976,0.0005977887428485917
1,458,1.6788923740386963,0.000597778981425596
1,459,1.760913610458374,0.0005977691985845535
1,460,1.796055793762207,0.0005977593943261675
1,461,1.6595678329467773,0.0005977495686511434
1,462,1.7430408000946045,0.0005977397215601878
1,463,1.7077919244766235,0.0005977298530540089
1,464,1.7723844051361084,0.0005977199631333166
1,465,1.6922858953475952,0.0005977100517988223
1,466,1.8128998279571533,0.0005977001190512388
1,467,1.7116219997406006,0.0005976901648912805
1,468,1.790397047996521,0.0005976801893196633
1,469,1.69867742061615,0.000597670192337105
1,470,1.7938518524169922,0.0005976601739443243
1,471,1.783795714378357,0.000597650134142042
1,472,1.7073719501495361,0.0005976400729309801
1,473,1.7518669366836548,0.0005976299903118623
1,474,1.7501882314682007,0.0005976198862854138
1,475,1.7431325912475586,0.0005976097608523614
1,476,1.645904779434204,0.0005975996140134334
1,477,1.6722400188446045,0.0005975894457693594
1,478,1.7303998470306396,0.000597579256120871
1,479,1.670331358909607,0.000597569045068701
1,480,1.7686907052993774,0.0005975588126135838
1,481,1.686763048171997,0.0005975485587562555
1,482,1.7043790817260742,0.0005975382834974536
1,483,1.6995328664779663,0.0005975279868379171
1,484,1.6089527606964111,0.0005975176687783866
1,485,1.8101167678833008,0.0005975073293196043
1,486,1.717439889907837,0.0005974969684623137
1,487,1.686509132385254,0.0005974865862072602
1,488,1.7725356817245483,0.0005974761825551905
1,489,1.7029342651367188,0.0005974657575068529
1,490,1.6885998249053955,0.0005974553110629972
1,491,1.746411681175232,0.0005974448432243747
1,492,1.7596819400787354,0.0005974343539917385
1,493,1.701047658920288,0.0005974238433658429
1,494,1.7419331073760986,0.000597413311347444
1,495,1.7495622634887695,0.0005974027579372992
1,496,1.6615760326385498,0.0005973921831361677
1,497,1.6575103998184204,0.0005973815869448099
1,498,1.6809040307998657,0.0005973709693639882
1,499,1.6752111911773682,0.000597360330394466
1,500,1.6828622817993164,0.0005973496700370088
1,501,1.7858924865722656,0.0005973389882923831
1,502,1.7039451599121094,0.0005973282851613575
1,503,1.7288267612457275,0.0005973175606447015
1,504,1.7891931533813477,0.0005973068147431867
1,505,1.737256407737732,0.0005972960474575859
1,506,1.7869189977645874,0.0005972852587886736
1,507,1.6859649419784546,0.0005972744487372257
1,508,1.712580919265747,0.0005972636173040199
1,509,1.7087351083755493,0.0005972527644898351
1,510,1.754097580909729,0.0005972418902954519
1,511,1.7634540796279907,0.0005972309947216525
1,512,1.724286675453186,0.0005972200777692206
1,513,1.778436303138733,0.0005972091394389414
1,514,1.7498762607574463,0.0005971981797316016
1,515,1.649306297302246,0.0005971871986479894
1,516,1.8024450540542603,0.0005971761961888949
1,517,1.766514778137207,0.0005971651723551093
1,518,1.682607650756836,0.0005971541271474254
1,519,1.6786960363388062,0.0005971430605666378
1,520,1.7426385879516602,0.0005971319726135424
1,521,1.78801691532135,0.0005971208632889368
1,522,1.6948795318603516,0.0005971097325936198
1,523,1.6598527431488037,0.0005970985805283923
1,524,1.7214701175689697,0.0005970874070940562
1,525,1.6701215505599976,0.0005970762122914153
1,526,1.762626051902771,0.0005970649961212748
1,527,1.7282073497772217,0.0005970537585844412
1,528,1.7110729217529297,0.0005970424996817231
1,529,1.645978331565857,0.0005970312194139302
1,530,1.7135006189346313,0.0005970199177818737
1,531,1.7033008337020874,0.0005970085947863665
1,532,1.6787335872650146,0.0005969972504282232
1,533,1.7634903192520142,0.0005969858847082596
1,534,1.7378352880477905,0.0005969744976272933
1,535,1.7182353734970093,0.0005969630891861433
1,536,1.7460635900497437,0.00059695165938563
1,537,1.6615121364593506,0.0005969402082265758
1,538,1.7537387609481812,0.0005969287357098041
1,539,1.6871696710586548,0.0005969172418361401
1,540,1.6260408163070679,0.0005969057266064106
1,541,1.7070926427841187,0.0005968941900214437
1,542,1.7266762256622314,0.0005968826320820693
1,543,1.6849024295806885,0.0005968710527891188
1,544,1.745216727256775,0.0005968594521434248
1,545,1.6971946954727173,0.0005968478301458219
1,546,1.785141944885254,0.000596836186797146
1,547,1.7236309051513672,0.0005968245220982345
1,548,1.6784054040908813,0.0005968128360499263
1,549,1.7034069299697876,0.0005968011286530622
1,550,1.7781225442886353,0.0005967893999084838
1,551,1.7397003173828125,0.0005967776498170353
1,552,1.8370838165283203,0.0005967658783795614
1,553,1.7645992040634155,0.000596754085596909
1,554,1.677321434020996,0.0005967422714699262
1,555,1.6929832696914673,0.0005967304359994627
1,556,1.6933281421661377,0.00059671857918637
1,557,1.7623069286346436,0.0005967067010315007
1,558,1.677880883216858,0.000596694801535709
1,559,1.7258894443511963,0.0005966828806998512
1,560,1.7641699314117432,0.0005966709385247845
1,561,1.7819912433624268,0.0005966589750113678
1,562,1.8187564611434937,0.0005966469901604616
1,563,1.6488134860992432,0.0005966349839729281
1,564,1.7489120960235596,0.0005966229564496306
1,565,1.7120399475097656,0.0005966109075914343
1,566,1.6923115253448486,0.0005965988373992059
1,567,1.6984695196151733,0.0005965867458738135
1,568,1.7582991123199463,0.0005965746330161268
1,569,1.7168912887573242,0.0005965624988270172
1,570,1.7461189031600952,0.000596550343307357
1,571,1.7653522491455078,0.0005965381664580208
1,572,1.729290246963501,0.0005965259682798845
1,573,1.6168028116226196,0.0005965137487738255
1,574,1.7079973220825195,0.0005965015079407225
1,575,1.7341663837432861,0.000596489245781456
1,576,1.6421270370483398,0.0005964769622969079
1,577,1.7059733867645264,0.0005964646574879619
1,578,1.7625306844711304,0.000596452331355503
1,579,1.6984336376190186,0.0005964399839004176
1,580,1.7215808629989624,0.0005964276151235938
1,581,1.7127043008804321,0.0005964152250259215
1,582,1.7288755178451538,0.0005964028136082916
1,583,1.7173359394073486,0.000596390380871597
1,584,1.7387475967407227,0.0005963779268167317
1,585,1.7291390895843506,0.0005963654514445917
1,586,1.8182971477508545,0.0005963529547560742
1,587,1.740633249282837,0.0005963404367520781
1,588,1.7643684148788452,0.0005963278974335037
1,589,1.7009483575820923,0.0005963153368012529
1,590,1.7187755107879639,0.0005963027548562292
1,591,1.749535322189331,0.0005962901515993375
1,592,1.7272977828979492,0.0005962775270314843
1,593,1.737449288368225,0.0005962648811535777
1,594,1.7361009120941162,0.0005962522139665272
1,595,1.647376298904419,0.000596239525471244
1,596,1.778883934020996,0.0005962268156686408
1,597,1.701354742050171,0.0005962140845596314
1,598,1.7601286172866821,0.0005962013321451318
1,599,1.7601779699325562,0.0005961885584260592
1,600,1.7039448022842407,0.0005961757634033322
1,601,1.714071273803711,0.0005961629470778713
1,602,1.7427570819854736,0.0005961501094505983
1,603,1.6326980590820312,0.0005961372505224364
1,604,1.7422319650650024,0.0005961243702943107
1,605,1.7309134006500244,0.0005961114687671475
1,606,1.7888309955596924,0.0005960985459418746
1,607,1.6855818033218384,0.0005960856018194218
1,608,1.714298963546753,0.00059607263640072
1,609,1.689286470413208,0.0005960596496867016
1,610,1.7051355838775635,0.0005960466416783009
1,611,1.7008545398712158,0.0005960336123764535
1,612,1.681928277015686,0.0005960205617820964
1,613,1.7710052728652954,0.0005960074898961683
1,614,1.6973199844360352,0.0005959943967196095
1,615,1.6307172775268555,0.0005959812822533617
1,616,1.7084102630615234,0.0005959681464983681
1,617,1.6417522430419922,0.0005959549894555737
1,618,1.6850045919418335,0.0005959418111259246
1,619,1.7415885925292969,0.0005959286115103688
1,620,1.631615400314331,0.0005959153906098556
1,621,1.7521260976791382,0.0005959021484253361
1,622,1.6762454509735107,0.0005958888849577625
1,623,1.7117990255355835,0.0005958756002080891
1,624,1.7574478387832642,0.0005958622941772711
1,625,1.766317367553711,0.0005958489668662658
1,626,1.7063915729522705,0.0005958356182760316
1,627,1.6811227798461914,0.0005958222484075287
1,628,1.7082281112670898,0.0005958088572617187
1,629,1.756506323814392,0.0005957954448395649
1,630,1.6179256439208984,0.0005957820111420318
1,631,1.7365491390228271,0.0005957685561700859
1,632,1.7541112899780273,0.0005957550799246947
1,633,1.6772263050079346,0.0005957415824068276
1,634,1.6226789951324463,0.0005957280636174554
1,635,1.7149035930633545,0.0005957145235575504
1,636,1.7311592102050781,0.0005957009622280866
1,637,1.6658689975738525,0.0005956873796300394
1,638,1.7316385507583618,0.0005956737757643857
1,639,1.711282730102539,0.0005956601506321039
1,640,1.6932971477508545,0.0005956465042341742
1,641,1.7828245162963867,0.0005956328365715779
1,642,1.689790964126587,0.0005956191476452981
1,643,1.747812032699585,0.0005956054374563197
1,644,1.760946273803711,0.0005955917060056283
1,645,1.7367401123046875,0.000595577953294212
1,646,1.685316801071167,0.0005955641793230597
1,647,1.7928903102874756,0.0005955503840931621
1,648,1.74020254611969,0.0005955365676055118
1,649,1.6773746013641357,0.0005955227298611021
1,650,1.7235666513442993,0.0005955088708609286
1,651,1.6375564336776733,0.0005954949906059881
1,652,1.67885422706604,0.0005954810890972787
1,653,1.795362114906311,0.0005954671663358005
1,654,1.681427001953125,0.0005954532223225549
1,655,1.7155606746673584,0.0005954392570585447
1,656,1.6771843433380127,0.0005954252705447746
1,657,1.6422821283340454,0.0005954112627822505
1,658,1.6903765201568604,0.0005953972337719796
1,659,1.709069013595581,0.0005953831835149716
1,660,1.7342298030853271,0.0005953691120122364
1,661,1.733279824256897,0.0005953550192647866
1,662,1.6732410192489624,0.0005953409052736355
1,663,1.7814445495605469,0.0005953267700397985
1,664,1.7720701694488525,0.0005953126135642922
1,665,1.7236369848251343,0.0005952984358481348
1,666,1.688030481338501,0.0005952842368923461
1,667,1.7372713088989258,0.0005952700166979473
1,668,1.7315794229507446,0.0005952557752659612
1,669,1.7459924221038818,0.0005952415125974123
1,670,1.782775640487671,0.0005952272286933261
1,671,1.7370469570159912,0.0005952129235547304
1,672,1.7044248580932617,0.0005951985971826539
1,673,1.7911485433578491,0.0005951842495781271
1,674,1.7206871509552002,0.0005951698807421819
1,675,1.7469241619110107,0.0005951554906758517
1,676,1.7311079502105713,0.0005951410793801717
1,677,1.7728780508041382,0.0005951266468561785
1,678,1.6987069845199585,0.00059511219310491
1,679,1.7244802713394165,0.0005950977181274058
1,680,1.694723129272461,0.0005950832219247071
1,681,1.6294143199920654,0.0005950687044978566
1,682,1.7202390432357788,0.0005950541658478984
1,683,1.7077198028564453,0.0005950396059758782
1,684,1.7302932739257812,0.0005950250248828433
1,685,1.7685648202896118,0.0005950104225698424
1,686,1.7030084133148193,0.0005949957990379257
1,687,1.7437841892242432,0.0005949811542881452
1,688,1.7094943523406982,0.0005949664883215541
1,689,1.730464220046997,0.0005949518011392074
1,690,1.784441590309143,0.0005949370927421614
1,691,1.7146011590957642,0.0005949223631314741
1,692,1.7292757034301758,0.0005949076123082047
1,693,1.7169339656829834,0.0005948928402734145
1,694,1.7752206325531006,0.0005948780470281657
1,695,1.6568214893341064,0.0005948632325735226
1,696,1.7113062143325806,0.0005948483969105504
1,697,1.663837194442749,0.0005948335400403164
1,698,1.7275397777557373,0.0005948186619638893
1,699,1.6968517303466797,0.0005948037626823389
1,700,1.6547882556915283,0.0005947888421967371
1,701,1.7237043380737305,0.000594773900508157
1,702,1.7123572826385498,0.0005947589376176733
1,703,1.6146739721298218,0.0005947439535263622
1,704,1.723610281944275,0.0005947289482353014
1,705,1.6696237325668335,0.0005947139217455704
1,706,1.724905252456665,0.0005946988740582497
1,707,1.7139371633529663,0.0005946838051744216
1,708,1.7627346515655518,0.0005946687150951702
1,709,1.6837947368621826,0.0005946536038215808
1,710,1.7128255367279053,0.0005946384713547403
1,711,1.6677677631378174,0.000594623317695737
1,712,1.680241346359253,0.0005946081428456608
1,713,1.7686614990234375,0.0005945929468056033
1,714,1.738655686378479,0.0005945777295766575
1,715,1.734789252281189,0.0005945624911599179
1,716,1.6415258646011353,0.0005945472315564805
1,717,1.7164363861083984,0.0005945319507674429
1,718,1.6258764266967773,0.0005945166487939042
1,719,1.7547528743743896,0.0005945013256369649
1,720,1.7409498691558838,0.0005944859812977272
1,721,1.734779715538025,0.0005944706157772948
1,722,1.7269188165664673,0.0005944552290767728
1,723,1.7242558002471924,0.000594439821197268
1,724,1.766214370727539,0.0005944243921398885
1,725,1.7049686908721924,0.0005944089419057442
1,726,1.8051834106445312,0.0005943934704959462
1,727,1.7098636627197266,0.0005943779779116075
1,728,1.7294132709503174,0.0005943624641538422
1,729,1.6856539249420166,0.0005943469292237663
1,730,1.750128984451294,0.0005943313731224971
1,731,1.6827274560928345,0.0005943157958511536
1,732,1.6915429830551147,0.0005943001974108561
1,733,1.709795594215393,0.0005942845778027265
1,734,1.7049472332000732,0.0005942689370278883
1,735,1.754317045211792,0.0005942532750874665
1,736,1.7181482315063477,0.0005942375919825875
1,737,1.7143913507461548,0.0005942218877143796
1,738,1.784695029258728,0.000594206162283972
1,739,1.720625638961792,0.0005941904156924959
1,740,1.6896460056304932,0.000594174647941084
1,741,1.6997112035751343,0.0005941588590308703
1,742,1.7265598773956299,0.0005941430489629904
1,743,1.637250542640686,0.0005941272177385817
1,744,1.7010647058486938,0.0005941113653587824
1,745,1.7185695171356201,0.0005940954918247332
1,746,1.681976318359375,0.0005940795971375756
1,747,1.7084617614746094,0.0005940636812984527
1,748,1.6895549297332764,0.0005940477443085095
1,749,1.7568079233169556,0.0005940317861688921
1,750,1.7431312799453735,0.0005940158068807485
1,751,1.7378917932510376,0.0005939998064452279
1,752,1.7232881784439087,0.0005939837848634811
1,753,1.7119054794311523,0.0005939677421366605
1,754,1.692457914352417,0.0005939516782659201
1,755,1.7286351919174194,0.0005939355932524153
1,756,1.6948091983795166,0.0005939194870973029
1,757,1.699425458908081,0.0005939033598017415
1,758,1.7420589923858643,0.0005938872113668908
1,759,1.7178995609283447,0.0005938710417939127
1,760,1.6767346858978271,0.0005938548510839698
1,761,1.6940923929214478,0.0005938386392382269
1,762,1.743109107017517,0.00059382240625785
1,763,1.7364124059677124,0.0005938061521440066
1,764,1.6445916891098022,0.0005937898768978658
1,765,1.6168369054794312,0.0005937735805205984
1,766,1.7501509189605713,0.0005937572630133763
1,767,1.6803334951400757,0.0005937409243773733
1,768,1.6533218622207642,0.0005937245646137644
1,769,1.7335081100463867,0.0005937081837237265
1,770,1.6808397769927979,0.0005936917817084378
1,771,1.6881380081176758,0.0005936753585690777
1,772,1.6906589269638062,0.000593658914306828
1,773,1.6060518026351929,0.0005936424489228709
1,774,1.6901044845581055,0.0005936259624183912
1,775,1.7468475103378296,0.0005936094547945743
1,776,1.7454837560653687,0.0005935929260526077
1,777,1.7209985256195068,0.0005935763761936803
1,778,1.753948450088501,0.0005935598052189824
1,779,1.665050745010376,0.0005935432131297059
1,780,1.7450759410858154,0.0005935265999270442
1,781,1.6927684545516968,0.0005935099656121921
1,782,1.7315874099731445,0.0005934933101863463
1,783,1.666235327720642,0.0005934766336507045
1,784,1.66660475730896,0.0005934599360064664
1,785,1.716382622718811,0.0005934432172548329
1,786,1.705873727798462,0.0005934264773970063
1,787,1.6350568532943726,0.000593409716434191
1,788,1.6238586902618408,0.0005933929343675923
1,789,1.7401211261749268,0.0005933761311984173
1,790,1.8035961389541626,0.0005933593069278747
1,791,1.6905854940414429,0.0005933424615571745
1,792,1.708009123802185,0.0005933255950875284
1,793,1.750714898109436,0.0005933087075201494
1,794,1.6835746765136719,0.0005932917988562523
1,795,1.695073127746582,0.0005932748690970531
1,796,1.6690680980682373,0.0005932579182437697
1,797,1.7480182647705078,0.0005932409462976212
1,798,1.7123925685882568,0.0005932239532598283
1,799,1.7316882610321045,0.0005932069391316134
1,800,1.6287357807159424,0.0005931899039141999
1,801,1.6236374378204346,0.0005931728476088135
1,802,1.6852813959121704,0.0005931557702166807
1,803,1.7548192739486694,0.0005931386717390301
1,804,1.7050327062606812,0.000593121552177091
1,805,1.699938416481018,0.0005931044115320953
1,806,1.7071878910064697,0.0005930872498052756
1,807,1.6482698917388916,0.0005930700669978663
1,808,1.7756420373916626,0.0005930528631111033
1,809,1.716717004776001,0.0005930356381462239
1,810,1.7579492330551147,0.0005930183921044672
1,811,1.7713359594345093,0.0005930011249870735
1,812,1.7341763973236084,0.0005929838367952849
1,813,1.7976115942001343,0.0005929665275303448
1,814,1.660064458847046,0.0005929491971934981
1,815,1.698915719985962,0.0005929318457859914
1,816,1.7048038244247437,0.0005929144733090728
1,817,1.6387869119644165,0.0005928970797639916
1,818,1.7918939590454102,0.000592879665151999
1,819,1.6979892253875732,0.0005928622294743475
1,820,1.7378041744232178,0.0005928447727322912
1,821,1.6870008707046509,0.0005928272949270858
1,822,1.6818971633911133,0.0005928097960599882
1,823,1.7254997491836548,0.0005927922761322572
1,824,1.6384670734405518,0.0005927747351451529
1,825,1.7849771976470947,0.0005927571730999369
1,826,1.725144386291504,0.0005927395899978724
1,827,1.7037127017974854,0.0005927219858402241
1,828,1.726340889930725,0.0005927043606282582
1,829,1.6641128063201904,0.0005926867143632423
1,830,1.7857444286346436,0.0005926690470464457
1,831,1.675276517868042,0.0005926513586791393
1,832,1.6617166996002197,0.000592633649262595
1,833,1.6958773136138916,0.000592615918798087
1,834,1.7212470769882202,0.0005925981672868901
1,835,1.7485511302947998,0.0005925803947302814
1,836,1.698221206665039,0.0005925626011295393
1,837,1.7084089517593384,0.0005925447864859434
1,838,1.6774451732635498,0.0005925269508007751
1,839,1.6896886825561523,0.0005925090940753174
1,840,1.7541710138320923,0.0005924912163108543
1,841,1.7300580739974976,0.0005924733175086721
1,842,1.6176875829696655,0.0005924553976700579
1,843,1.7220726013183594,0.0005924374567963007
1,844,1.669411063194275,0.0005924194948886909
1,845,1.6743371486663818,0.0005924015119485204
1,846,1.7261674404144287,0.0005923835079770827
1,847,1.7284828424453735,0.0005923654829756728
1,848,1.711382508277893,0.0005923474369455869
1,849,1.6712309122085571,0.0005923293698881233
1,850,1.682178258895874,0.0005923112818045815
1,851,1.7189693450927734,0.0005922931726962622
1,852,1.7351478338241577,0.0005922750425644682
1,853,1.7100038528442383,0.0005922568914105032
1,854,1.6735455989837646,0.0005922387192356731
1,855,1.6969811916351318,0.0005922205260412848
1,856,1.7401421070098877,0.0005922023118286469
1,857,1.7128868103027344,0.0005921840765990694
1,858,1.6977447271347046,0.0005921658203538639
1,859,1.761122465133667,0.0005921475430943436
1,860,1.7540113925933838,0.0005921292448218229
1,861,1.7093007564544678,0.0005921109255376182
1,862,1.7567764520645142,0.000592092585243047
1,863,1.6944084167480469,0.0005920742239394284
1,864,1.6213159561157227,0.000592055841628083
1,865,1.698561429977417,0.0005920374383103331
1,866,1.6599324941635132,0.0005920190139875023
1,867,1.6945817470550537,0.0005920005686609159
1,868,1.7051775455474854,0.0005919821023319005
1,869,1.8295423984527588,0.0005919636150017842
1,870,1.7626146078109741,0.000591945106671897
1,871,1.693526029586792,0.00059192657734357
1,872,1.780099630355835,0.0005919080270181357
1,873,1.7337381839752197,0.0005918894556969287
1,874,1.7674115896224976,0.0005918708633812847
1,875,1.7040069103240967,0.0005918522500725408
1,876,1.7345625162124634,0.0005918336157720358
1,877,1.673712968826294,0.0005918149604811103
1,878,1.800719976425171,0.0005917962842011057
1,879,1.7559276819229126,0.0005917775869333656
1,880,1.7431414127349854,0.0005917588686792346
1,881,1.7022192478179932,0.0005917401294400591
1,882,1.7364565134048462,0.0005917213692171871
1,883,1.6821314096450806,0.0005917025880119677
1,884,1.693600058555603,0.0005916837858257519
1,885,1.7301795482635498,0.000591664962659892
1,886,1.7445476055145264,0.000591646118515742
1,887,1.644002914428711,0.0005916272533946571
1,888,1.7367032766342163,0.0005916083672979943
1,889,1.7356650829315186,0.0005915894602271121
1,890,1.6448707580566406,0.0005915705321833702
1,891,1.673288345336914,0.00059155158316813
1,892,1.7443933486938477,0.0005915326131827548
1,893,1.7061779499053955,0.0005915136222286086
1,894,1.6517972946166992,0.0005914946103070575
1,895,1.724736213684082,0.0005914755774194691
1,896,1.7256996631622314,0.0005914565235672122
1,897,1.7150026559829712,0.0005914374487516572
1,898,1.7968823909759521,0.0005914183529741763
1,899,1.7964136600494385,0.0005913992362361428
1,900,1.7217603921890259,0.0005913800985389316
1,901,1.7474498748779297,0.0005913609398839195
1,902,1.7143468856811523,0.0005913417602724843
1,903,1.7627828121185303,0.0005913225597060056
1,904,1.7252566814422607,0.0005913033381858643
1,905,1.7000459432601929,0.0005912840957134432
1,906,1.7621711492538452,0.000591264832290126
1,907,1.6923290491104126,0.0005912455479172983
1,908,1.73922598361969,0.0005912262425963475
1,909,1.681502342224121,0.0005912069163286616
1,910,1.8010143041610718,0.0005911875691156311
1,911,1.6691627502441406,0.0005911682009586474
1,912,1.6789718866348267,0.0005911488118591035
1,913,1.6786766052246094,0.0005911294018183941
1,914,1.5796083211898804,0.0005911099708379152
1,915,1.7970889806747437,0.0005910905189190646
1,916,1.7136825323104858,0.0005910710460632411
1,917,1.6564171314239502,0.0005910515522718455
1,918,1.7629989385604858,0.0005910320375462799
1,919,1.6408674716949463,0.0005910125018879478
1,920,1.677716851234436,0.0005909929452982544
1,921,1.6523014307022095,0.0005909733677786064
1,922,1.6565253734588623,0.0005909537693304117
1,923,1.6100184917449951,0.0005909341499550802
1,924,1.7572400569915771,0.000590914509654023
1,925,1.7263177633285522,0.0005908948484286526
1,926,1.685845136642456,0.0005908751662803833
1,927,1.7193658351898193,0.0005908554632106306
1,928,1.7687851190567017,0.0005908357392208118
1,929,1.6810696125030518,0.0005908159943123455
1,930,1.7102994918823242,0.0005907962284866519
1,931,1.6664676666259766,0.0005907764417451527
1,932,1.6548335552215576,0.0005907566340892711
1,933,1.718375563621521,0.0005907368055204316
1,934,1.6445897817611694,0.0005907169560400606
1,935,1.6521613597869873,0.0005906970856495858
1,936,1.712141990661621,0.0005906771943504362
1,937,1.7770283222198486,0.0005906572821440427
1,938,1.740515947341919,0.0005906373490318374
1,939,1.7004907131195068,0.000590617395015254
1,940,1.6372997760772705,0.0005905974200957278
1,941,1.6479406356811523,0.0005905774242746955
1,942,1.6782166957855225,0.0005905574075535952
1,943,1.7221685647964478,0.0005905373699338667
1,944,1.6874186992645264,0.0005905173114169512
1,945,1.7560886144638062,0.0005904972320042916
1,946,1.657286286354065,0.0005904771316973319
1,947,1.716465950012207,0.0005904570104975179
1,948,1.7287343740463257,0.0005904368684062968
1,949,1.6597204208374023,0.0005904167054251176
1,950,1.6954609155654907,0.0005903965215554301
1,951,1.7051137685775757,0.0005903763167986866
1,952,1.743528127670288,0.0005903560911563397
1,953,1.7215049266815186,0.0005903358446298447
1,954,1.7119643688201904,0.0005903155772206576
1,955,1.6319726705551147,0.0005902952889302361
1,956,1.7562408447265625,0.0005902749797600396
1,957,1.7884458303451538,0.0005902546497115288
1,958,1.7303470373153687,0.000590234298786166
1,959,1.6933748722076416,0.0005902139269854149
1,960,1.7416881322860718,0.0005901935343107408
1,961,1.6578476428985596,0.0005901731207636103
1,962,1.6862726211547852,0.000590152686345492
1,963,1.664960503578186,0.0005901322310578554
1,964,1.6738555431365967,0.0005901117549021718
1,965,1.6766093969345093,0.0005900912578799141
1,966,1.6831510066986084,0.0005900707399925564
1,967,1.7441447973251343,0.0005900502012415746
1,968,1.56112539768219,0.0005900296416284458
1,969,1.7210041284561157,0.0005900090611546491
1,970,1.6617847681045532,0.0005899884598216644
1,971,1.667742371559143,0.0005899678376309736
1,972,1.7151025533676147,0.0005899471945840602
1,973,1.740038275718689,0.0005899265306824087
1,974,1.7514684200286865,0.0005899058459275053
1,975,1.7328052520751953,0.000589885140320838
1,976,1.7277228832244873,0.0005898644138638961
1,977,1.6952459812164307,0.0005898436665581701
1,978,1.6799812316894531,0.0005898228984051525
1,979,1.740087866783142,0.000589802109406337
1,980,1.704103708267212,0.0005897812995632189
1,981,1.6783063411712646,0.0005897604688772949
1,982,1.6292861700057983,0.0005897396173500633
1,983,1.708518385887146,0.0005897187449830238
1,984,1.6815605163574219,0.0005896978517776778
1,985,1.747760534286499,0.000589676937735528
1,986,1.5938953161239624,0.0005896560028580787
1,987,1.701568603515625,0.0005896350471468356
1,988,1.7269922494888306,0.000589614070603306
1,989,1.760787010192871,0.0005895930732289986
1,990,1.7520835399627686,0.0005895720550254238
1,991,1.6662410497665405,0.0005895510159940932
1,992,1.6720176935195923,0.0005895299561365201
1,993,1.7202669382095337,0.0005895088754542192
1,994,1.6090227365493774,0.0005894877739487069
1,995,1.7028865814208984,0.0005894666516215008
1,996,1.7264213562011719,0.0005894455084741202
1,997,1.726544737815857,0.0005894243445080859
1,998,1.7279226779937744,0.00058940315972492
1,999,1.6656280755996704,0.0005893819541261464
1,1000,1.6965234279632568,0.0005893607277132902
1,1001,1.7609285116195679,0.0005893394804878782
1,1002,1.7606251239776611,0.0005893182124514386
1,1003,1.6743574142456055,0.0005892969236055012
1,1004,1.7949492931365967,0.000589275613951597
1,1005,1.7236301898956299,0.000589254283491259
1,1006,1.6141586303710938,0.0005892329322260213
1,1007,1.7096433639526367,0.0005892115601574195
1,1008,1.7327028512954712,0.000589190167286991
1,1009,1.7010319232940674,0.0005891687536162744
1,1010,1.679586410522461,0.0005891473191468097
1,1011,1.747982382774353,0.0005891258638801391
1,1012,1.7105283737182617,0.0005891043878178053
1,1013,1.7223474979400635,0.0005890828909613533
1,1014,1.6680227518081665,0.0005890613733123292
1,1015,1.760165810585022,0.0005890398348722804
1,1016,1.7290741205215454,0.0005890182756427565
1,1017,1.7139346599578857,0.0005889966956253081
1,1018,1.7752177715301514,0.0005889750948214871
1,1019,1.6689074039459229,0.0005889534732328472
1,1020,1.664576768875122,0.0005889318308609439
1,1021,1.6377813816070557,0.0005889101677073335
1,1022,1.6663156747817993,0.0005888884837735741
1,1023,1.7423343658447266,0.0005888667790612258
1,1024,1.7578436136245728,0.0005888450535718493
1,1025,1.6567844152450562,0.0005888233073070072
1,1026,1.719236969947815,0.000588801540268264
1,1027,1.6854435205459595,0.000588779752457185
1,1028,1.75527024269104,0.0005887579438753373
1,1029,1.7426795959472656,0.0005887361145242898
1,1030,1.7114660739898682,0.0005887142644056122
1,1031,1.7280380725860596,0.0005886923935208764
1,1032,1.6732304096221924,0.0005886705018716554
1,1033,1.7207950353622437,0.0005886485894595236
1,1034,1.6750822067260742,0.0005886266562860574
1,1035,1.6525501012802124,0.0005886047023528342
1,1036,1.6706167459487915,0.000588582727661433
1,1037,1.7246373891830444,0.0005885607322134343
1,1038,1.6664692163467407,0.0005885387160104204
1,1039,1.6640323400497437,0.0005885166790539746
1,1040,1.729839563369751,0.0005884946213456821
1,1041,1.6974579095840454,0.0005884725428871292
1,1042,1.6138159036636353,0.0005884504436799041
1,1043,1.7835156917572021,0.0005884283237255965
1,1044,1.6486068964004517,0.0005884061830257969
1,1045,1.7422325611114502,0.000588384021582098
1,1046,1.7267532348632812,0.000588361839396094
1,1047,1.6667296886444092,0.0005883396364693801
1,1048,1.67694890499115,0.0005883174128035534
1,1049,1.6425374746322632,0.0005882951684002124
1,1050,1.6957733631134033,0.000588272903260957
1,1051,1.7227375507354736,0.0005882506173873885
1,1052,1.702820062637329,0.00058822831078111
1,1053,1.7251770496368408,0.000588205983443726
1,1054,1.6849920749664307,0.0005881836353768421
1,1055,1.66074538230896,0.0005881612665820661
1,1056,1.672250747680664,0.0005881388770610067
1,1057,1.6784861087799072,0.0005881164668152742
1,1058,1.7185986042022705,0.0005880940358464806
1,1059,1.7244758605957031,0.0005880715841562392
1,1060,1.7642923593521118,0.0005880491117461649
1,1061,1.7042430639266968,0.0005880266186178742
1,1062,1.6867058277130127,0.0005880041047729848
1,1063,1.681260108947754,0.0005879815702131159
1,1064,1.6867952346801758,0.0005879590149398885
1,1065,1.775871992111206,0.0005879364389549248
1,1066,1.6655700206756592,0.0005879138422598487
1,1067,1.790647268295288,0.0005878912248562854
1,1068,1.6806833744049072,0.0005878685867458618
1,1069,1.6669498682022095,0.000587845927930206
1,1070,1.6629940271377563,0.000587823248410948
1,1071,1.7073198556900024,0.0005878005481897187
1,1072,1.6096271276474,0.0005877778272681512
1,1073,1.6996177434921265,0.0005877550856478795
1,1074,1.702388048171997,0.0005877323233305393
1,1075,1.698473572731018,0.000587709540317768
1,1076,1.7188193798065186,0.000587686736611204
1,1077,1.716734528541565,0.0005876639122124878
1,1078,1.7089049816131592,0.0005876410671232609
1,1079,1.7109897136688232,0.0005876182013451664
1,1080,1.6934583187103271,0.0005875953148798491
1,1081,1.6988970041275024,0.000587572407728955
1,1082,1.6454280614852905,0.0005875494798941316
1,1083,1.698230504989624,0.0005875265313770284
1,1084,1.7181425094604492,0.0005875035621792957
1,1085,1.7035367488861084,0.0005874805723025856
1,1086,1.667044997215271,0.0005874575617485516
1,1087,1.7310597896575928,0.0005874345305188491
1,1088,1.6528184413909912,0.0005874114786151343
1,1089,1.6413465738296509,0.0005873884060390653
1,1090,1.671854019165039,0.0005873653127923018
1,1091,1.7506300210952759,0.0005873421988765046
1,1092,1.6748580932617188,0.0005873190642933363
1,1093,1.746740698814392,0.0005872959090444607
1,1094,1.7367513179779053,0.0005872727331315435
1,1095,1.71927809715271,0.0005872495365562516
1,1096,1.6607974767684937,0.0005872263193202533
1,1097,1.6714861392974854,0.0005872030814252186
1,1098,1.6969795227050781,0.000587179822872819
1,1099,1.764272689819336,0.0005871565436647273
1,1100,1.6496200561523438,0.0005871332438026178
1,1101,1.7497886419296265,0.0005871099232881667
1,1102,1.7217814922332764,0.0005870865821230508
1,1103,1.7200788259506226,0.0005870632203089494
1,1104,1.616821527481079,0.0005870398378475427
1,1105,1.650855302810669,0.0005870164347405125
1,1106,1.6432092189788818,0.0005869930109895419
1,1107,1.6796207427978516,0.000586969566596316
1,1108,1.701935052871704,0.0005869461015625208
1,1109,1.617611289024353,0.0005869226158898443
1,1110,1.6058628559112549,0.0005868991095799754
1,1111,1.6009342670440674,0.0005868755826346051
1,1112,1.7055494785308838,0.0005868520350554255
1,1113,1.5817660093307495,0.0005868284668441303
1,1114,1.7188516855239868,0.0005868048780024145
1,1115,1.6403827667236328,0.000586781268531975
1,1116,1.6691792011260986,0.0005867576384345098
1,1117,1.7140384912490845,0.0005867339877117186
1,1118,1.6892116069793701,0.0005867103163653024
1,1119,1.6943696737289429,0.0005866866243969638
1,1120,1.7892262935638428,0.0005866629118084068
1,1121,1.6742160320281982,0.0005866391786013373
1,1122,1.6893672943115234,0.000586615424777462
1,1123,1.619141936302185,0.0005865916503384895
1,1124,1.6666157245635986,0.0005865678552861298
1,1125,1.7046629190444946,0.0005865440396220944
1,1126,1.7106443643569946,0.0005865202033480962
1,1127,1.6198924779891968,0.0005864963464658497
1,1128,1.6337531805038452,0.0005864724689770708
1,1129,1.634229063987732,0.000586448570883477
1,1130,1.7390737533569336,0.0005864246521867871
1,1131,1.6491855382919312,0.0005864007128887216
1,1132,1.6659023761749268,0.0005863767529910021
1,1133,1.7371845245361328,0.0005863527724953522
1,1134,1.6983340978622437,0.0005863287714034967
1,1135,1.7883774042129517,0.0005863047497171619
1,1136,1.7237247228622437,0.0005862807074380754
1,1137,1.7469470500946045,0.0005862566445679666
1,1138,1.7350327968597412,0.0005862325611085661
1,1139,1.6451032161712646,0.0005862084570616064
1,1140,1.6781651973724365,0.0005861843324288209
1,1141,1.670731782913208,0.0005861601872119451
1,1142,1.693943977355957,0.0005861360214127155
1,1143,1.7246334552764893,0.0005861118350328702
1,1144,1.768620491027832,0.0005860876280741489
1,1145,1.6522903442382812,0.0005860634005382927
1,1146,1.7336223125457764,0.0005860391524270442
1,1147,1.7480462789535522,0.0005860148837421475
1,1148,1.6970632076263428,0.0005859905944853481
1,1149,1.6518665552139282,0.000585966284658393
1,1150,1.6990835666656494,0.0005859419542630308
1,1151,1.6261050701141357,0.0005859176033010114
1,1152,1.737746238708496,0.0005858932317740863
1,1153,1.7533334493637085,0.0005858688396840084
1,1154,1.7046020030975342,0.0005858444270325324
1,1155,1.6377071142196655,0.0005858199938214137
1,1156,1.6735481023788452,0.0005857955400524101
1,1157,1.676468849182129,0.0005857710657272803
1,1158,1.795843482017517,0.0005857465708477846
1,1159,1.6059277057647705,0.000585722055415685
1,1160,1.701971411705017,0.0005856975194327446
1,1161,1.693473219871521,0.0005856729629007282
1,1162,1.719386339187622,0.0005856483858214022
1,1163,1.6876933574676514,0.0005856237881965342
1,1164,1.7264940738677979,0.0005855991700278935
1,1165,1.6571390628814697,0.0005855745313172507
1,1166,1.6652991771697998,0.0005855498720663779
1,1167,1.6708881855010986,0.0005855251922770489
1,1168,1.7281196117401123,0.0005855004919510387
1,1169,1.6961281299591064,0.0005854757710901241
1,1170,1.720292091369629,0.0005854510296960828
1,1171,1.6948039531707764,0.0005854262677706947
1,1172,1.6920654773712158,0.0005854014853157408
1,1173,1.6681267023086548,0.0005853766823330033
1,1174,1.7248919010162354,0.0005853518588242665
1,1175,1.6528860330581665,0.0005853270147913157
1,1176,1.7866227626800537,0.0005853021502359378
1,1177,1.675095796585083,0.0005852772651599213
1,1178,1.7387847900390625,0.0005852523595650561
1,1179,1.7097184658050537,0.0005852274334531335
1,1180,1.6601383686065674,0.0005852024868259464
1,1181,1.6922767162322998,0.0005851775196852889
1,1182,1.6328102350234985,0.0005851525320329571
1,1183,1.6685682535171509,0.0005851275238707481
1,1184,1.7093461751937866,0.0005851024952004606
1,1185,1.6603549718856812,0.0005850774460238948
1,1186,1.7850544452667236,0.0005850523763428526
1,1187,1.620861291885376,0.0005850272861591369
1,1188,1.6947393417358398,0.0005850021754745524
1,1189,1.6357076168060303,0.0005849770442909053
1,1190,1.6370528936386108,0.0005849518926100032
1,1191,1.732211709022522,0.0005849267204336549
1,1192,1.6967458724975586,0.0005849015277636713
1,1193,1.6705127954483032,0.0005848763146018642
1,1194,1.6483962535858154,0.0005848510809500472
1,1195,1.6834442615509033,0.000584825826810035
1,1196,1.7568117380142212,0.0005848005521836443
1,1197,1.6733362674713135,0.0005847752570726929
1,1198,1.7037235498428345,0.0005847499414790002
1,1199,1.7900148630142212,0.000584724605404387
1,1200,1.7645725011825562,0.0005846992488506757
1,1201,1.6311956644058228,0.0005846738718196901
1,1202,1.6605720520019531,0.0005846484743132552
1,1203,1.675357460975647,0.0005846230563331981
1,1204,1.637731909751892,0.000584597617881347
1,1205,1.6504894495010376,0.0005845721589595312
1,1206,1.6842321157455444,0.0005845466795695823
1,1207,1.673063039779663,0.0005845211797133326
1,1208,1.6639900207519531,0.0005844956593926164
1,1209,1.6269664764404297,0.0005844701186092692
1,1210,1.645359992980957,0.0005844445573651282
1,1211,1.6593148708343506,0.0005844189756620316
1,1212,1.7458114624023438,0.0005843933735018198
1,1213,1.6571018695831299,0.0005843677508863337
1,1214,1.646594762802124,0.0005843421078174168
1,1215,1.6974989175796509,0.0005843164442969133
1,1216,1.728069543838501,0.0005842907603266689
1,1217,1.7353585958480835,0.0005842650559085312
1,1218,1.677377462387085,0.0005842393310443489
1,1219,1.7638028860092163,0.0005842135857359723
1,1220,1.748177170753479,0.000584187819985253
1,1221,1.7377561330795288,0.0005841620337940447
1,1222,1.6072914600372314,0.0005841362271642014
1,1223,1.6905330419540405,0.0005841104000975797
1,1224,1.7000949382781982,0.0005840845525960373
1,1225,1.7228145599365234,0.0005840586846614333
1,1226,1.7307407855987549,0.0005840327962956279
1,1227,1.6851946115493774,0.0005840068875004836
1,1228,1.6918680667877197,0.0005839809582778635
1,1229,1.6817972660064697,0.000583955008629633
1,1230,1.7597038745880127,0.0005839290385576583
1,1231,1.7414636611938477,0.0005839030480638074
1,1232,1.7018835544586182,0.0005838770371499496
1,1233,1.6569902896881104,0.000583851005817956
1,1234,1.6298911571502686,0.0005838249540696986
1,1235,1.7282514572143555,0.0005837988819070514
1,1236,1.6167665719985962,0.0005837727893318897
1,1237,1.6622577905654907,0.00058374667634609
1,1238,1.6351569890975952,0.0005837205429515308
1,1239,1.7200872898101807,0.0005836943891500915
1,1240,1.7179594039916992,0.0005836682149436537
1,1241,1.6988894939422607,0.0005836420203340994
1,1242,1.760388970375061,0.0005836158053233129
1,1243,1.6218332052230835,0.00058358956991318
1,1244,1.695556402206421,0.0005835633141055874
1,1245,1.7349092960357666,0.0005835370379024238
1,1246,1.6833568811416626,0.0005835107413055787
1,1247,1.6287415027618408,0.0005834844243169442
1,1248,1.7522284984588623,0.0005834580869384125
1,1249,1.6979210376739502,0.0005834317291718785
1,1250,1.6996517181396484,0.0005834053510192376
1,1251,1.7043988704681396,0.0005833789524823872
1,1252,1.7668912410736084,0.0005833525335632261
1,1253,1.7384341955184937,0.0005833260942636545
1,1254,1.7016856670379639,0.000583299634585574
1,1255,1.6917359828948975,0.0005832731545308878
1,1256,1.7253917455673218,0.0005832466541015005
1,1257,1.616729497909546,0.0005832201332993183
1,1258,1.6652805805206299,0.0005831935921262484
1,1259,1.6675186157226562,0.0005831670305842001
1,1260,1.666948676109314,0.0005831404486750837
1,1261,1.6593096256256104,0.0005831138464008112
1,1262,1.616986870765686,0.0005830872237632959
1,1263,1.7158029079437256,0.0005830605807644529
1,1264,1.7223975658416748,0.0005830339174061983
1,1265,1.7464220523834229,0.0005830072336904499
1,1266,1.640977144241333,0.0005829805296191271
1,1267,1.7552368640899658,0.0005829538051941505
1,1268,1.6248258352279663,0.0005829270604174422
1,1269,1.7404998540878296,0.0005829002952909261
1,1270,1.733196496963501,0.000582873509816527
1,1271,1.6408021450042725,0.0005828467039961717
1,1272,1.57859206199646,0.0005828198778317883
1,1273,1.738372564315796,0.000582793031325306
1,1274,1.7161223888397217,0.000582766164478656
1,1275,1.6546977758407593,0.0005827392772937706
1,1276,1.597312092781067,0.0005827123697725839
1,1277,1.6303322315216064,0.0005826854419170309
1,1278,1.6790025234222412,0.0005826584937290485
1,1279,1.7183748483657837,0.0005826315252105753
1,1280,1.6028497219085693,0.0005826045363635507
1,1281,1.7221975326538086,0.0005825775271899161
1,1282,1.7470279932022095,0.000582550497691614
1,1283,1.6074466705322266,0.0005825234478705885
1,1284,1.7091633081436157,0.0005824963777287855
1,1285,1.7144733667373657,0.0005824692872681517
1,1286,1.667825698852539,0.0005824421764906358
1,1287,1.6766431331634521,0.0005824150453981876
1,1288,1.6829122304916382,0.0005823878939927587
1,1289,1.778106927871704,0.0005823607222763019
1,1290,1.7037982940673828,0.0005823335302507716
1,1291,1.696016550064087,0.0005823063179181235
1,1292,1.640957236289978,0.0005822790852803151
1,1293,1.6255496740341187,0.0005822518323393049
1,1294,1.5945408344268799,0.0005822245590970533
1,1295,1.7173866033554077,0.0005821972655555217
1,1296,1.793710470199585,0.0005821699517166735
1,1297,1.7132627964019775,0.0005821426175824731
1,1298,1.708574652671814,0.0005821152631548866
1,1299,1.6555376052856445,0.0005820878884358814
1,1300,1.704229712486267,0.0005820604934274265
1,1301,1.6919339895248413,0.0005820330781314925
1,1302,1.7727041244506836,0.000582005642550051
1,1303,1.6689462661743164,0.0005819781866850754
1,1304,1.6737353801727295,0.0005819507105385407
1,1305,1.7210819721221924,0.0005819232141124228
1,1306,1.6742442846298218,0.0005818956974086996
1,1307,1.7499277591705322,0.0005818681604293503
1,1308,1.682778000831604,0.0005818406031763555
1,1309,1.6809419393539429,0.0005818130256516972
1,1310,1.7200641632080078,0.0005817854278573589
1,1311,1.5857542753219604,0.000581757809795326
1,1312,1.641282320022583,0.0005817301714675844
1,1313,1.6787569522857666,0.0005817025128761223
1,1314,1.7834298610687256,0.0005816748340229291
1,1315,1.6745249032974243,0.0005816471349099956
1,1316,1.694307565689087,0.000581619415539314
1,1317,1.6042579412460327,0.0005815916759128781
1,1318,1.6386760473251343,0.0005815639160326831
1,1319,1.7197599411010742,0.0005815361359007256
1,1320,1.6208299398422241,0.0005815083355190039
1,1321,1.702501654624939,0.0005814805148895173
1,1322,1.5800096988677979,0.000581452674014267
1,1323,1.7046912908554077,0.0005814248128952555
1,1324,1.6500587463378906,0.0005813969315344867
1,1325,1.6804659366607666,0.0005813690299339659
1,1326,1.627816915512085,0.0005813411080957
1,1327,1.648535966873169,0.0005813131660216974
1,1328,1.7721630334854126,0.0005812852037139679
1,1329,1.729834794998169,0.0005812572211745224
1,1330,1.6131954193115234,0.0005812292184053738
1,1331,1.676590919494629,0.0005812011954085364
1,1332,1.7031428813934326,0.0005811731521860255
1,1333,1.7041069269180298,0.0005811450887398582
1,1334,1.6933367252349854,0.000581117005072053
1,1335,1.6689761877059937,0.00058108890118463
1,1336,1.649717092514038,0.0005810607770796103
1,1337,1.6889814138412476,0.000581032632759017
1,1338,1.6530609130859375,0.0005810044682248743
1,1339,1.6018047332763672,0.0005809762834792081
1,1340,1.6302299499511719,0.0005809480785240454
1,1341,1.7057926654815674,0.000580919853361415
1,1342,1.6454788446426392,0.000580891607993347
1,1343,1.712498426437378,0.0005808633424218729
1,1344,1.6722142696380615,0.0005808350566490259
1,1345,1.7331726551055908,0.0005808067506768404
1,1346,1.7114851474761963,0.0005807784245073522
1,1347,1.7196786403656006,0.0005807500781425988
1,1348,1.7629785537719727,0.0005807217115846192
1,1349,1.6706440448760986,0.0005806933248354534
1,1350,1.6281325817108154,0.0005806649178971434
1,1351,1.7659969329833984,0.0005806364907717322
1,1352,1.7157599925994873,0.0005806080434612646
1,1353,1.7236201763153076,0.0005805795759677866
1,1354,1.767356514930725,0.0005805510882933457
1,1355,1.6557515859603882,0.0005805225804399911
1,1356,1.6481729745864868,0.0005804940524097731
1,1357,1.6472374200820923,0.0005804655042047437
1,1358,1.7096973657608032,0.0005804369358269561
1,1359,1.7034919261932373,0.0005804083472784653
1,1360,1.7503271102905273,0.0005803797385613276
1,1361,1.748796820640564,0.0005803511096776004
1,1362,1.6519889831542969,0.000580322460629343
1,1363,1.6872352361679077,0.0005802937914186161
1,1364,1.6954847574234009,0.0005802651020474818
1,1365,1.7539619207382202,0.0005802363925180036
1,1366,1.6943031549453735,0.0005802076628322463
1,1367,1.6964104175567627,0.0005801789129922764
1,1368,1.7259769439697266,0.0005801501430001618
1,1369,1.7454532384872437,0.0005801213528579716
1,1370,1.7667652368545532,0.0005800925425677769
1,1371,1.665610671043396,0.0005800637121316498
1,1372,1.6633634567260742,0.0005800348615516639
1,1373,1.6603549718856812,0.0005800059908298942
1,1374,1.6752029657363892,0.0005799770999684173
1,1375,1.7291542291641235,0.0005799481889693114
1,1376,1.7238655090332031,0.0005799192578346558
1,1377,1.6534875631332397,0.0005798903065665313
1,1378,1.6476917266845703,0.0005798613351670204
1,1379,1.6595720052719116,0.000579832343638207
1,1380,1.6205402612686157,0.0005798033319821761
1,1381,1.691676378250122,0.0005797743002010146
1,1382,1.6719192266464233,0.0005797452482968104
1,1383,1.5951411724090576,0.0005797161762716533
1,1384,1.6224174499511719,0.0005796870841276342
1,1385,1.692043662071228,0.0005796579718668457
1,1386,1.6211936473846436,0.0005796288394913817
1,1387,1.6550495624542236,0.0005795996870033374
1,1388,1.6841604709625244,0.0005795705144048099
1,1389,1.7034037113189697,0.0005795413216978973
1,1390,1.7216084003448486,0.0005795121088846993
1,1391,1.673752784729004,0.0005794828759673172
1,1392,1.6654876470565796,0.0005794536229478535
1,1393,1.731103539466858,0.0005794243498284123
1,1394,1.690528154373169,0.000579395056611099
1,1395,1.699469804763794,0.0005793657432980204
1,1396,1.7716995477676392,0.0005793364098912854
1,1397,1.72890305519104,0.0005793070563930034
1,1398,1.6293232440948486,0.0005792776828052858
1,1399,1.636090636253357,0.0005792482891302454
1,1400,1.735564947128296,0.0005792188753699963
1,1401,1.7638652324676514,0.000579189441526654
1,1402,1.6379425525665283,0.0005791599876023358
1,1403,1.6787922382354736,0.0005791305135991601
1,1404,1.684762954711914,0.0005791010195192468
1,1405,1.7405983209609985,0.0005790715053647173
1,1406,1.777199387550354,0.0005790419711376944
1,1407,1.6360270977020264,0.0005790124168403025
1,1408,1.7050434350967407,0.0005789828424746672
1,1409,1.6459335088729858,0.0005789532480429157
1,1410,1.5995651483535767,0.0005789236335471767
1,1411,1.7054569721221924,0.0005788939989895801
1,1412,1.7335220575332642,0.0005788643443722575
1,1413,1.7518495321273804,0.0005788346696973419
1,1414,1.6329090595245361,0.0005788049749669674
1,1415,1.7818565368652344,0.0005787752601832702
1,1416,1.7593162059783936,0.0005787455253483873
1,1417,1.709608793258667,0.0005787157704644575
1,1418,1.6546016931533813,0.0005786859955336209
1,1419,1.6742417812347412,0.0005786562005580192
1,1420,1.7001069784164429,0.0005786263855397952
1,1421,1.6399195194244385,0.0005785965504810937
1,1422,1.6357158422470093,0.0005785666953840604
1,1423,1.7347157001495361,0.0005785368202508427
1,1424,1.6795940399169922,0.0005785069250835894
1,1425,1.6758416891098022,0.0005784770098844507
1,1426,1.6908934116363525,0.0005784470746555783
1,1427,1.6295127868652344,0.0005784171193991255
1,1428,1.717926025390625,0.0005783871441172465
1,1429,1.7353885173797607,0.0005783571488120978
1,1430,1.7492854595184326,0.0005783271334858362
1,1431,1.687382459640503,0.0005782970981406211
1,1432,1.6522343158721924,0.0005782670427786128
1,1433,1.7664048671722412,0.0005782369674019727
1,1434,1.6896798610687256,0.0005782068720128643
1,1435,1.6246570348739624,0.0005781767566134521
1,1436,1.6790558099746704,0.0005781466212059023
1,1437,1.7646068334579468,0.0005781164657923824
1,1438,1.7110941410064697,0.0005780862903750612
1,1439,1.7083317041397095,0.0005780560949561094
1,1440,1.7188928127288818,0.0005780258795376984
1,1441,1.6325525045394897,0.0005779956441220018
1,1442,1.6864221096038818,0.0005779653887111944
1,1443,1.6875982284545898,0.000577935113307452
1,1444,1.6934267282485962,0.0005779048179129524
1,1445,1.6366641521453857,0.0005778745025298746
1,1446,1.6716121435165405,0.0005778441671603991
1,1447,1.732526183128357,0.0005778138118067076
1,1448,1.7046350240707397,0.0005777834364709838
1,1449,1.7091699838638306,0.0005777530411554123
1,1450,1.7020152807235718,0.0005777226258621792
1,1451,1.7031784057617188,0.0005776921905934722
1,1452,1.7318261861801147,0.0005776617353514805
1,1453,1.6603562831878662,0.0005776312601383945
1,1454,1.6696789264678955,0.0005776007649564062
1,1455,1.6867049932479858,0.000577570249807709
1,1456,1.7519702911376953,0.0005775397146944978
1,1457,1.6559791564941406,0.0005775091596189688
1,1458,1.7761163711547852,0.0005774785845833197
1,1459,1.7842460870742798,0.0005774479895897496
1,1460,1.6897865533828735,0.0005774173746404592
1,1461,1.7200626134872437,0.0005773867397376503
1,1462,1.6820123195648193,0.0005773560848835266
1,1463,1.711179494857788,0.0005773254100802929
1,1464,1.6881576776504517,0.0005772947153301554
1,1465,1.6331360340118408,0.0005772640006353218
1,1466,1.6790955066680908,0.0005772332659980016
1,1467,1.6865276098251343,0.0005772025114204051
1,1468,1.6881465911865234,0.0005771717369047447
1,1469,1.701621413230896,0.0005771409424532335
1,1470,1.6911256313323975,0.0005771101280680867
1,1471,1.6994339227676392,0.0005770792937515204
1,1472,1.6947734355926514,0.0005770484395057526
1,1473,1.6371179819107056,0.0005770175653330025
1,1474,1.6859630346298218,0.0005769866712354906
1,1475,1.7244720458984375,0.0005769557572154392
1,1476,1.652661919593811,0.0005769248232750717
1,1477,1.65780770778656,0.0005768938694166131
1,1478,1.6863635778427124,0.0005768628956422898
1,1479,1.6616475582122803,0.0005768319019543296
1,1480,1.7007274627685547,0.0005768008883549616
1,1481,1.6953189373016357,0.0005767698548464166
1,1482,1.7017934322357178,0.0005767388014309269
1,1483,1.614087700843811,0.0005767077281107258
1,1484,1.7003352642059326,0.0005766766348880483
1,1485,1.647035837173462,0.000576645521765131
1,1486,1.6431522369384766,0.0005766143887442116
1,1487,1.756058931350708,0.0005765832358275292
1,1488,1.7708078622817993,0.0005765520630173249
1,1489,1.7134878635406494,0.0005765208703158405
1,1490,1.6445833444595337,0.0005764896577253199
1,1491,1.7136366367340088,0.0005764584252480076
1,1492,1.7243493795394897,0.0005764271728861505
1,1493,1.751887321472168,0.0005763959006419961
1,1494,1.6552881002426147,0.0005763646085177941
1,1495,1.6779797077178955,0.0005763332965157948
1,1496,1.6960302591323853,0.0005763019646382507
1,1497,1.7214679718017578,0.000576270612887415
1,1498,1.7497867345809937,0.000576239241265543
1,1499,1.707824945449829,0.0005762078497748911
1,1500,1.711143136024475,0.0005761764384177169
1,1501,1.7532894611358643,0.0005761450071962802
1,1502,1.6777263879776,0.0005761135561128412
1,1503,1.7046207189559937,0.0005760820851696623
1,1504,1.670743703842163,0.0005760505943690071
1,1505,1.6175731420516968,0.0005760190837131405
1,1506,1.6806703805923462,0.0005759875532043289
1,1507,1.710951566696167,0.0005759560028448404
1,1508,1.7069734334945679,0.0005759244326369442
1,1509,1.7088285684585571,0.0005758928425829108
1,1510,1.7003042697906494,0.0005758612326850126
1,1511,1.7361886501312256,0.0005758296029455231
1,1512,1.654489278793335,0.0005757979533667172
1,1513,1.6926605701446533,0.0005757662839508715
1,1514,1.6812162399291992,0.0005757345947002636
1,1515,1.7951600551605225,0.000575702885617173
1,1516,1.7117722034454346,0.0005756711567038805
1,1517,1.694684386253357,0.000575639407962668
1,1518,1.676863670349121,0.0005756076393958191
1,1519,1.7113778591156006,0.0005755758510056189
1,1520,1.703332543373108,0.0005755440427943536
1,1521,1.630171537399292,0.0005755122147643113
1,1522,1.7055002450942993,0.0005754803669177811
1,1523,1.6477100849151611,0.0005754484992570538
1,1524,1.6497294902801514,0.0005754166117844212
1,1525,1.6632369756698608,0.0005753847045021773
1,1526,1.6745685338974,0.0005753527774126168
1,1527,1.6809046268463135,0.0005753208305180361
1,1528,1.6937662363052368,0.000575288863820733
1,1529,1.6426023244857788,0.0005752568773230069
1,1530,1.7253353595733643,0.0005752248710271582
1,1531,1.7712681293487549,0.0005751928449354892
1,1532,1.6954259872436523,0.0005751607990503033
1,1533,1.708757996559143,0.0005751287333739055
1,1534,1.6732816696166992,0.0005750966479086021
1,1535,1.5806005001068115,0.0005750645426567008
1,1536,1.7288058996200562,0.000575032417620511
1,1537,1.6568195819854736,0.0005750002728023432
1,1538,1.6035276651382446,0.0005749681082045094
1,1539,1.7489030361175537,0.0005749359238293233
1,1540,1.652337670326233,0.0005749037196790995
1,1541,1.7746410369873047,0.0005748714957561546
1,1542,1.690427541732788,0.000574839252062806
1,1543,1.7338428497314453,0.0005748069886013732
1,1544,1.6235291957855225,0.0005747747053741764
1,1545,1.6893354654312134,0.000574742402383538
1,1546,1.6283776760101318,0.0005747100796317812
1,1547,1.7517473697662354,0.0005746777371212309
1,1548,1.7065658569335938,0.0005746453748542135
1,1549,1.6890701055526733,0.0005746129928330564
1,1550,1.6544749736785889,0.0005745805910600889
1,1551,1.6890547275543213,0.0005745481695376414
1,1552,1.692521095275879,0.0005745157282680462
1,1553,1.7297567129135132,0.0005744832672536361
1,1554,1.6733028888702393,0.0005744507864967464
1,1555,1.774187445640564,0.0005744182859997131
1,1556,1.7099602222442627,0.0005743857657648738
1,1557,1.757622480392456,0.0005743532257945676
1,1558,1.7493665218353271,0.0005743206660911351
1,1559,1.7573894262313843,0.0005742880866569178
1,1560,1.6742976903915405,0.0005742554874942594
1,1561,1.675724744796753,0.0005742228686055045
1,1562,1.7089964151382446,0.0005741902299929992
1,1563,1.6783491373062134,0.0005741575716590911
1,1564,1.709003210067749,0.0005741248936061292
1,1565,1.5684751272201538,0.0005740921958364638
1,1566,1.6426465511322021,0.0005740594783524469
1,1567,1.7440109252929688,0.0005740267411564316
1,1568,1.7006909847259521,0.0005739939842507725
1,1569,1.6670459508895874,0.000573961207637826
1,1570,1.670788049697876,0.0005739284113199492
1,1571,1.6725749969482422,0.0005738955952995011
1,1572,1.6359660625457764,0.0005738627595788422
1,1573,1.649214506149292,0.000573829904160334
1,1574,1.5912367105484009,0.00057379702904634
1,1575,1.7498410940170288,0.0005737641342392245
1,1576,1.6915878057479858,0.0005737312197413535
1,1577,1.6795374155044556,0.0005736982855550944
1,1578,1.7690967321395874,0.0005736653316828162
1,1579,1.6959902048110962,0.000573632358126889
1,1580,1.6413402557373047,0.0005735993648896844
1,1581,1.7167856693267822,0.0005735663519735756
1,1582,1.7592706680297852,0.000573533319380937
1,1583,1.7345794439315796,0.0005735002671141447
1,1584,1.7277500629425049,0.0005734671951755757
1,1585,1.6523494720458984,0.000573434103567609
1,1586,1.6845862865447998,0.0005734009922926245
1,1587,1.6895806789398193,0.000573367861353004
1,1588,1.733447790145874,0.0005733347107511304
1,1589,1.7365576028823853,0.000573301540489388
1,1590,1.7048759460449219,0.0005732683505701627
1,1591,1.6638447046279907,0.0005732351409958416
1,1592,1.7310903072357178,0.0005732019117688135
1,1593,1.6700083017349243,0.0005731686628914684
1,1594,1.7155334949493408,0.0005731353943661977
1,1595,1.7194545269012451,0.0005731021061953942
1,1596,1.589489221572876,0.0005730687983814523
1,1597,1.6861454248428345,0.0005730354709267677
1,1598,1.724623441696167,0.0005730021238337375
1,1599,1.6995359659194946,0.0005729687571047602
1,1600,1.6969572305679321,0.0005729353707422356
1,1601,1.714390754699707,0.0005729019647485653
1,1602,1.6902554035186768,0.0005728685391261521
1,1603,1.678863525390625,0.0005728350938773998
1,1604,1.6995341777801514,0.0005728016290047144
1,1605,1.7212005853652954,0.0005727681445105024
1,1606,1.6498019695281982,0.0005727346403971728
1,1607,1.6493875980377197,0.0005727011166671349
1,1608,1.690535306930542,0.0005726675733228003
1,1609,1.6837238073349,0.0005726340103665813
1,1610,1.6724036931991577,0.0005726004278008923
1,1611,1.674941062927246,0.0005725668256281485
1,1612,1.6780744791030884,0.0005725332038507668
1,1613,1.7193937301635742,0.0005724995624711656
1,1614,1.6703310012817383,0.0005724659014917647
1,1615,1.5997614860534668,0.0005724322209149849
1,1616,1.6621673107147217,0.0005723985207432487
1,1617,1.7324632406234741,0.0005723648009789803
1,1618,1.7083603143692017,0.0005723310616246048
1,1619,1.7142877578735352,0.0005722973026825491
1,1620,1.681781530380249,0.0005722635241552412
1,1621,1.6922508478164673,0.0005722297260451107
1,1622,1.6846895217895508,0.0005721959083545885
1,1623,1.7181198596954346,0.0005721620710861072
1,1624,1.6942237615585327,0.0005721282142421005
1,1625,1.7571842670440674,0.0005720943378250033
1,1626,1.714450478553772,0.0005720604418372525
1,1627,1.646950125694275,0.0005720265262812861
1,1628,1.6395820379257202,0.0005719925911595434
1,1629,1.7761999368667603,0.000571958636474465
1,1630,1.7129459381103516,0.0005719246622284936
1,1631,1.7248437404632568,0.0005718906684240725
1,1632,1.6408538818359375,0.0005718566550636469
1,1633,1.7186187505722046,0.0005718226221496632
1,1634,1.7607927322387695,0.0005717885696845692
1,1635,1.661158561706543,0.0005717544976708141
1,1636,1.720452070236206,0.0005717204061108487
1,1637,1.6389954090118408,0.000571686295007125
1,1638,1.708524465560913,0.0005716521643620966
1,1639,1.666242003440857,0.0005716180141782181
1,1640,1.6313979625701904,0.000571583844457946
1,1641,1.6712114810943604,0.000571549655203738
1,1642,1.6418784856796265,0.0005715154464180532
1,1643,1.676630973815918,0.000571481218103352
1,1644,1.69110107421875,0.0005714469702620963
1,1645,1.6784937381744385,0.0005714127028967495
1,1646,1.6172711849212646,0.0005713784160097762
1,1647,1.6846662759780884,0.0005713441096036428
1,1648,1.685429573059082,0.0005713097836808164
1,1649,1.6982578039169312,0.0005712754382437662
1,1650,1.6756519079208374,0.0005712410732949624
1,1651,1.7184473276138306,0.000571206688836877
1,1652,1.6501432657241821,0.0005711722848719828
1,1653,1.7143595218658447,0.0005711378614027545
1,1654,1.7707579135894775,0.000571103418431668
1,1655,1.6643495559692383,0.0005710689559612007
1,1656,1.7115812301635742,0.0005710344739938313
1,1657,1.6562817096710205,0.0005709999725320399
1,1658,1.7223217487335205,0.0005709654515783082
1,1659,1.6459506750106812,0.000570930911135119
1,1660,1.6432710886001587,0.0005708963512049568
1,1661,1.7429002523422241,0.0005708617717903072
1,1662,1.5753313302993774,0.0005708271728936575
1,1663,1.7387640476226807,0.0005707925545174961
1,1664,1.6042203903198242,0.0005707579166643132
1,1665,1.6620962619781494,0.0005707232593365999
1,1666,1.6589981317520142,0.0005706885825368492
1,1667,1.7321205139160156,0.000570653886267555
1,1668,1.6096471548080444,0.0005706191705312131
1,1669,1.7502164840698242,0.0005705844353303204
1,1670,1.6375677585601807,0.0005705496806673752
1,1671,1.7314077615737915,0.0005705149065448773
1,1672,1.7107856273651123,0.0005704801129653278
1,1673,1.702742576599121,0.0005704452999312293
1,1674,1.6668756008148193,0.0005704104674450859
1,1675,1.759461760520935,0.0005703756155094029
1,1676,1.6939775943756104,0.0005703407441266869
1,1677,1.6903536319732666,0.0005703058532994462
1,1678,1.6633754968643188,0.0005702709430301903
1,1679,1.640472173690796,0.0005702360133214301
1,1680,1.6222375631332397,0.0005702010641756781
1,1681,1.6814610958099365,0.000570166095595448
1,1682,1.7245994806289673,0.000570131107583255
1,1683,1.6577829122543335,0.0005700961001416156
1,1684,1.7423912286758423,0.0005700610732730475
1,1685,1.7278947830200195,0.0005700260269800705
1,1686,1.5761922597885132,0.0005699909612652051
1,1687,1.6754028797149658,0.0005699558761309732
1,1688,1.6965665817260742,0.0005699207715798988
1,1689,1.7195323705673218,0.0005698856476145065
1,1690,1.7305015325546265,0.0005698505042373228
1,1691,1.696230173110962,0.0005698153414508754
1,1692,1.7895009517669678,0.0005697801592576933
1,1693,1.73141610622406,0.000569744957660307
1,1694,1.6971070766448975,0.0005697097366612487
1,1695,1.7034788131713867,0.0005696744962630514
1,1696,1.7685797214508057,0.0005696392364682498
1,1697,1.6802934408187866,0.0005696039572793801
1,1698,1.756810188293457,0.0005695686586989799
1,1699,1.6670684814453125,0.000569533340729588
1,1700,1.6544857025146484,0.0005694980033737446
1,1701,1.6698682308197021,0.0005694626466339914
1,1702,1.6890531778335571,0.0005694272705128715
1,1703,1.6718699932098389,0.0005693918750129293
1,1704,1.655102014541626,0.0005693564601367109
1,1705,1.7356836795806885,0.0005693210258867632
1,1706,1.7208951711654663,0.000569285572265635
1,1707,1.6654539108276367,0.0005692500992758766
1,1708,1.6988022327423096,0.0005692146069200388
1,1709,1.6366689205169678,0.000569179095200675
1,1710,1.6286464929580688,0.0005691435641203391
1,1711,1.7218177318572998,0.000569108013681587
1,1712,1.6877033710479736,0.0005690724438869755
1,1713,1.6739599704742432,0.0005690368547390628
1,1714,1.6678447723388672,0.000569001246240409
1,1715,1.753170371055603,0.0005689656183935752
1,1716,1.6753532886505127,0.000568929971201124
1,1717,1.6837714910507202,0.0005688943046656192
1,1718,1.6186224222183228,0.0005688586187896263
1,1719,1.685879111289978,0.0005688229135757119
1,1720,1.605015754699707,0.0005687871890264444
1,1721,1.708416223526001,0.0005687514451443931
1,1722,1.7024071216583252,0.000568715681932129
1,1723,1.6667293310165405,0.0005686798993922242
1,1724,1.6601569652557373,0.0005686440975272526
1,1725,1.7379118204116821,0.0005686082763397893
1,1726,1.6537460088729858,0.0005685724358324107
1,1727,1.707047462463379,0.0005685365760076948
1,1728,1.6731590032577515,0.0005685006968682206
1,1729,1.6829630136489868,0.0005684647984165689
1,1730,1.6930605173110962,0.0005684288806553217
1,1731,1.7067010402679443,0.0005683929435870626
1,1732,1.6848669052124023,0.000568356987214376
1,1733,1.6699750423431396,0.0005683210115398485
1,1734,1.7288124561309814,0.0005682850165660675
1,1735,1.7358713150024414,0.000568249002295622
1,1736,1.6718933582305908,0.0005682129687311022
1,1737,1.7266218662261963,0.0005681769158751001
1,1738,1.689141035079956,0.0005681408437302089
1,1739,1.653298020362854,0.0005681047522990228
1,1740,1.7222702503204346,0.000568068641584138
1,1741,1.6360728740692139,0.0005680325115881516
1,1742,1.7502987384796143,0.0005679963623136623
1,1743,1.7247583866119385,0.0005679601937632705
1,1744,1.7531877756118774,0.0005679240059395772
1,1745,1.6875845193862915,0.0005678877988451855
1,1746,1.671399474143982,0.0005678515724826996
1,1747,1.73404860496521,0.000567815326854725
1,1748,1.727551817893982,0.0005677790619638689
1,1749,1.5939302444458008,0.0005677427778127394
1,1750,1.633938193321228,0.0005677064744039466
1,1751,1.7087106704711914,0.0005676701517401015
1,1752,1.6746742725372314,0.0005676338098238166
1,1753,1.6783138513565063,0.0005675974486577061
1,1754,1.6963918209075928,0.0005675610682443849
1,1755,1.7391471862792969,0.00056752466858647
1,1756,1.7425371408462524,0.0005674882496865792
1,1757,1.642317771911621,0.0005674518115473323
1,1758,1.6697149276733398,0.0005674153541713501
1,1759,1.7547008991241455,0.0005673788775612545
1,1760,1.7512584924697876,0.0005673423817196694
1,1761,1.6328260898590088,0.0005673058666492197
1,1762,1.686341643333435,0.0005672693323525319
1,1763,1.698459267616272,0.0005672327788322337
1,1764,1.6344859600067139,0.0005671962060909543
1,1765,1.7032655477523804,0.000567159614131324
1,1766,1.6333751678466797,0.0005671230029559749
1,1767,1.7200711965560913,0.0005670863725675404
1,1768,1.6756941080093384,0.000567049722968655
1,1769,1.6572160720825195,0.0005670130541619548
1,1770,1.688515305519104,0.0005669763661500771
1,1771,1.720300316810608,0.0005669396589356611
1,1772,1.719416856765747,0.0005669029325213467
1,1773,1.7169759273529053,0.0005668661869097755
1,1774,1.6834036111831665,0.0005668294221035905
1,1775,1.6747658252716064,0.0005667926381054362
1,1776,1.6722558736801147,0.0005667558349179581
1,1777,1.7170531749725342,0.0005667190125438035
1,1778,1.6494009494781494,0.0005666821709856206
1,1779,1.6382083892822266,0.0005666453102460596
1,1780,1.7494369745254517,0.0005666084303277715
1,1781,1.658182144165039,0.0005665715312334091
1,1782,1.714902639389038,0.0005665346129656262
1,1783,1.6350476741790771,0.0005664976755270784
1,1784,1.7008014917373657,0.0005664607189204224
1,1785,1.6464242935180664,0.0005664237431483162
1,1786,1.643254280090332,0.0005663867482134196
1,1787,1.7825918197631836,0.0005663497341183932
1,1788,1.7371561527252197,0.0005663127008658994
1,1789,1.7168604135513306,0.0005662756484586019
1,1790,1.6646232604980469,0.0005662385768991655
1,1791,1.7103281021118164,0.0005662014861902571
1,1792,1.5998802185058594,0.0005661643763345439
1,1793,1.7029081583023071,0.0005661272473346955
1,1794,1.692317247390747,0.0005660900991933822
1,1795,1.7107166051864624,0.0005660529319132761
1,1796,1.7278341054916382,0.0005660157454970503
1,1797,1.7058738470077515,0.0005659785399473795
1,1798,1.7336742877960205,0.00056594131526694
1,1799,1.6751346588134766,0.0005659040714584088
1,1800,1.630653738975525,0.0005658668085244651
1,1801,1.730189323425293,0.0005658295264677889
1,1802,1.674917459487915,0.0005657922252910616
1,1803,1.7566477060317993,0.0005657549049969664
1,1804,1.6815828084945679,0.0005657175655881874
1,1805,1.6990222930908203,0.0005656802070674104
1,1806,1.6543912887573242,0.0005656428294373223
1,1807,1.6943233013153076,0.0005656054327006116
1,1808,1.708669662475586,0.0005655680168599683
1,1809,1.6880285739898682,0.0005655305819180832
1,1810,1.641650915145874,0.0005654931278776491
1,1811,1.7045257091522217,0.0005654556547413598
1,1812,1.6622285842895508,0.0005654181625119108
1,1813,1.6823530197143555,0.0005653806511919984
1,1814,1.6870174407958984,0.000565343120784321
1,1815,1.6536372900009155,0.0005653055712915777
1,1816,1.7481489181518555,0.0005652680027164696
1,1817,1.67301344871521,0.0005652304150616986
1,1818,1.6687729358673096,0.0005651928083299683
1,1819,1.7325170040130615,0.0005651551825239838
1,1820,1.7179409265518188,0.000565117537646451
1,1821,1.636069893836975,0.0005650798737000778
1,1822,1.6969085931777954,0.0005650421906875732
1,1823,1.7240371704101562,0.0005650044886116475
1,1824,1.6530735492706299,0.0005649667674750125
1,1825,1.6265884637832642,0.0005649290272803814
1,1826,1.5621787309646606,0.0005648912680304687
1,1827,1.6485223770141602,0.0005648534897279901
1,1828,1.7011016607284546,0.000564815692375663
1,1829,1.7078521251678467,0.0005647778759762059
1,1830,1.6826146841049194,0.0005647400405323389
1,1831,1.69796621799469,0.0005647021860467833
1,1832,1.7431457042694092,0.0005646643125222619
1,1833,1.7206615209579468,0.0005646264199614986
1,1834,1.725154161453247,0.000564588508367219
1,1835,1.6163578033447266,0.0005645505777421498
1,1836,1.7207062244415283,0.0005645126280890194
1,1837,1.6695525646209717,0.0005644746594105572
1,1838,1.7199323177337646,0.0005644366717094943
1,1839,1.7506046295166016,0.0005643986649885628
1,1840,1.703169822692871,0.0005643606392504966
1,1841,1.7304811477661133,0.0005643225944980305
1,1842,1.7156703472137451,0.000564284530733901
1,1843,1.6967815160751343,0.000564246447960846
1,1844,1.6380345821380615,0.0005642083461816044
1,1845,1.715444803237915,0.0005641702253989169
1,1846,1.7387205362319946,0.0005641320856155254
1,1847,1.6843563318252563,0.0005640939268341729
1,1848,1.613790512084961,0.0005640557490576042
1,1849,1.6280982494354248,0.0005640175522885652
1,1850,1.6834404468536377,0.0005639793365298034
1,1851,1.7118021249771118,0.0005639411017840673
1,1852,1.6606639623641968,0.0005639028480541071
1,1853,1.6992533206939697,0.0005638645753426741
1,1854,1.7081794738769531,0.0005638262836525213
1,1855,1.6222870349884033,0.0005637879729864028
1,1856,1.7321174144744873,0.000563749643347074
1,1857,1.7174832820892334,0.0005637112947372919
1,1858,1.6374841928482056,0.0005636729271598147
1,1859,1.6718063354492188,0.0005636345406174022
1,1860,1.6376184225082397,0.0005635961351128152
1,1861,1.6748793125152588,0.0005635577106488162
1,1862,1.630366325378418,0.0005635192672281688
1,1863,1.7612634897232056,0.000563480804853638
1,1864,1.6626821756362915,0.0005634423235279906
1,1865,1.701287031173706,0.000563403823253994
1,1866,1.7477972507476807,0.0005633653040344176
1,1867,1.7510325908660889,0.0005633267658720319
1,1868,1.7673259973526,0.0005632882087696087
1,1869,1.611305594444275,0.0005632496327299213
1,1870,1.6908115148544312,0.0005632110377557445
1,1871,1.665220856666565,0.000563172423849854
1,1872,1.6923596858978271,0.0005631337910150273
1,1873,1.7214813232421875,0.0005630951392540431
1,1874,1.7118089199066162,0.0005630564685696815
1,1875,1.7000401020050049,0.0005630177789647237
1,1876,1.667303442955017,0.0005629790704419529
1,1877,1.6425025463104248,0.0005629403430041528
1,1878,1.616814374923706,0.0005629015966541092
1,1879,1.6738144159317017,0.000562862831394609
1,1880,1.6377191543579102,0.0005628240472284402
1,1881,1.7222363948822021,0.0005627852441583925
1,1882,1.612160325050354,0.0005627464221872569
1,1883,1.6740373373031616,0.0005627075813178255
1,1884,1.6715490818023682,0.0005626687215528923
1,1885,1.7141929864883423,0.0005626298428952521
1,1886,1.6314388513565063,0.0005625909453477015
1,1887,1.6796627044677734,0.0005625520289130379
1,1888,1.6820472478866577,0.0005625130935940606
1,1889,1.6373920440673828,0.00056247413939357
1,1890,1.62101149559021,0.0005624351663143682
1,1891,1.6533238887786865,0.000562396174359258
1,1892,1.622796654701233,0.0005623571635310442
1,1893,1.7065260410308838,0.0005623181338325324
1,1894,1.7167161703109741,0.0005622790852665301
1,1895,1.666116714477539,0.0005622400178358458
1,1896,1.6391780376434326,0.0005622009315432897
1,1897,1.6805293560028076,0.0005621618263916727
1,1898,1.66103196144104,0.0005621227023838078
1,1899,1.657269835472107,0.0005620835595225088
1,1900,1.680611252784729,0.0005620443978105913
1,1901,1.7031341791152954,0.000562005217250872
1,1902,1.76123046875,0.0005619660178461689
1,1903,1.68276846408844,0.0005619267995993015
1,1904,1.6535978317260742,0.0005618875625130906
1,1905,1.6879993677139282,0.0005618483065903586
1,1906,1.6863982677459717,0.0005618090318339285
1,1907,1.6914558410644531,0.0005617697382466258
1,1908,1.6845290660858154,0.0005617304258312763
1,1909,1.7082226276397705,0.0005616910945907076
1,1910,1.636003851890564,0.0005616517445277487
1,1911,1.7547264099121094,0.0005616123756452302
1,1912,1.7451270818710327,0.0005615729879459833
1,1913,1.7278354167938232,0.0005615335814328412
1,1914,1.636592149734497,0.0005614941561086382
1,1915,1.679827332496643,0.0005614547119762102
1,1916,1.6495463848114014,0.000561415249038394
1,1917,1.6949026584625244,0.000561375767298028
1,1918,1.664284348487854,0.0005613362667579522
1,1919,1.6299340724945068,0.0005612967474210075
1,1920,1.750970482826233,0.0005612572092900365
1,1921,1.711032509803772,0.0005612176523678829
1,1922,1.7438099384307861,0.0005611780766573921
1,1923,1.719417929649353,0.0005611384821614103
1,1924,1.619873285293579,0.0005610988688827856
1,1925,1.6625421047210693,0.0005610592368243671
1,1926,1.62332284450531,0.0005610195859890055
1,1927,1.7227996587753296,0.0005609799163795527
1,1928,1.6795542240142822,0.0005609402279988619
1,1929,1.6553905010223389,0.0005609005208497878
1,1930,1.6724958419799805,0.0005608607949351863
1,1931,1.6218302249908447,0.0005608210502579148
1,1932,1.6371240615844727,0.000560781286820832
1,1933,1.7369108200073242,0.0005607415046267976
1,1934,1.5936285257339478,0.0005607017036786735
1,1935,1.6591190099716187,0.000560661883979322
1,1936,1.6902267932891846,0.0005606220455316074
1,1937,1.6900951862335205,0.000560582188338395
1,1938,1.7203247547149658,0.0005605423124025518
1,1939,1.6617164611816406,0.0005605024177269455
1,1940,1.6713898181915283,0.000560462504314446
1,1941,1.6539796590805054,0.0005604225721679238
1,1942,1.6986497640609741,0.0005603826212902511
1,1943,1.6368824243545532,0.0005603426516843015
1,1944,1.662212610244751,0.00056030266335295
1,1945,1.6957517862319946,0.0005602626562990726
1,1946,1.6533615589141846,0.0005602226305255467
1,1947,1.6782190799713135,0.0005601825860352515
1,1948,1.7076562643051147,0.000560142522831067
1,1949,1.6847212314605713,0.0005601024409158749
1,1950,1.6749387979507446,0.0005600623402925582
1,1951,1.7135528326034546,0.0005600222209640011
1,1952,1.6701120138168335,0.0005599820829330892
1,1953,1.6804535388946533,0.0005599419262027096
1,1954,0.8015807271003723,0.0005599416124046455
